{
  "type" : "FeatureCollection",
  "features" : [ {
    "type" : "Feature",
    "properties" : {
      "name" : "Dziki Młyn",
      "icon" : "https://raw.githubusercontent.com/Concept211/Google-Maps-Markers/master/images/marker_gray.png",
      "season" : 1,
      "episode" : 1,
      "url" : "http://kuchennerewolucje.tvn.pl/odcinki-online,1/odcinek-1-sezon-1,10265,o.html"
    },
    "geometry" : {
      "type" : "Point",
      "coordinates" : [ 20.9523959, 52.2432076 ]
    }
  }, {
    "type" : "Feature",
    "properties" : {
      "name" : "Panorama",
      "icon" : "https://raw.githubusercontent.com/Concept211/Google-Maps-Markers/master/images/marker_blue.png",
      "season" : 1,
      "episode" : 2,
      "url" : "http://kuchennerewolucje.tvn.pl/odcinki-online,1/odcinek-2-sezon-1,10266,o.html"
    },
    "geometry" : {
      "type" : "Point",
      "coordinates" : [ 18.6464928, 54.3584288 ]
    }
  }, {
    "type" : "Feature",
    "properties" : {
      "name" : "Gościniec Franc Josef",
      "icon" : "https://raw.githubusercontent.com/Concept211/Google-Maps-Markers/master/images/marker_blue.png",
      "season" : 1,
      "episode" : 3,
      "url" : "http://kuchennerewolucje.tvn.pl/odcinki-online,1/odcinek-3-sezon-1,10267,o.html"
    },
    "geometry" : {
      "type" : "Point",
      "coordinates" : [ 19.007689, 50.251832 ]
    }
  }, {
    "type" : "Feature",
    "properties" : {
      "name" : "Impuls",
      "icon" : "https://raw.githubusercontent.com/Concept211/Google-Maps-Markers/master/images/marker_gray.png",
      "season" : 1,
      "episode" : 4,
      "url" : "http://kuchennerewolucje.tvn.pl/odcinki-online,1/odcinek-4-sezon-1,10268,o.html"
    },
    "geometry" : {
      "type" : "Point",
      "coordinates" : [ 19.3961194, 51.73929510000001 ]
    }
  }, {
    "type" : "Feature",
    "properties" : {
      "name" : "Artemis",
      "icon" : "https://raw.githubusercontent.com/Concept211/Google-Maps-Markers/master/images/marker_gray.png",
      "season" : 1,
      "episode" : 5,
      "url" : "http://kuchennerewolucje.tvn.pl/odcinki-online,1/odcinek-5-sezon-1,10269,o.html"
    },
    "geometry" : {
      "type" : "Point",
      "coordinates" : [ 16.9342677, 52.40971320000001 ]
    }
  }, {
    "type" : "Feature",
    "properties" : {
      "name" : "Pod Arsenałem",
      "icon" : "https://raw.githubusercontent.com/Concept211/Google-Maps-Markers/master/images/marker_gray.png",
      "season" : 1,
      "episode" : 6,
      "url" : "http://kuchennerewolucje.tvn.pl/odcinki-online,1/odcinek-6-sezon-1,10270,o.html"
    },
    "geometry" : {
      "type" : "Point",
      "coordinates" : [ 18.6066141, 53.0128317 ]
    }
  }, {
    "type" : "Feature",
    "properties" : {
      "name" : "Restauracja U Zosi",
      "icon" : "https://raw.githubusercontent.com/Concept211/Google-Maps-Markers/master/images/marker_blue.png",
      "season" : 1,
      "episode" : 7,
      "url" : "http://kuchennerewolucje.tvn.pl/odcinki-online,1/odcinek-7-sezon-1,10271,o.html"
    },
    "geometry" : {
      "type" : "Point",
      "coordinates" : [ 20.4614064, 49.42465350000001 ]
    }
  }, {
    "type" : "Feature",
    "properties" : {
      "name" : "Grande Azzurro",
      "icon" : "https://raw.githubusercontent.com/Concept211/Google-Maps-Markers/master/images/marker_blue.png",
      "season" : 1,
      "episode" : 8,
      "url" : "http://kuchennerewolucje.tvn.pl/odcinki-online,1/odcinek-8-sezon-1,10272,o.html"
    },
    "geometry" : {
      "type" : "Point",
      "coordinates" : [ 21.026436, 52.2843982 ]
    }
  }, {
    "type" : "Feature",
    "properties" : {
      "name" : "Cinamon",
      "icon" : "https://raw.githubusercontent.com/Concept211/Google-Maps-Markers/master/images/marker_gray.png",
      "season" : 2,
      "episode" : 3,
      "url" : "http://kuchennerewolucje.tvn.pl/odcinki-online,2/odcinek-3-sezon-2,10273,o.html"
    },
    "geometry" : {
      "type" : "Point",
      "coordinates" : [ 18.2205336, 50.0937066 ]
    }
  }, {
    "type" : "Feature",
    "properties" : {
      "name" : "Restauracja Weranda",
      "icon" : "https://raw.githubusercontent.com/Concept211/Google-Maps-Markers/master/images/marker_gray.png",
      "season" : 2,
      "episode" : 4,
      "url" : "http://kuchennerewolucje.tvn.pl/odcinki-online,2/odcinek-4-sezon-2,10274,o.html",
      "homepage" : "werandamrozy.pl"
    },
    "geometry" : {
      "type" : "Point",
      "coordinates" : [ 21.8029385, 52.1653014 ]
    }
  }, {
    "type" : "Feature",
    "properties" : {
      "name" : "Wook and roll",
      "icon" : "https://raw.githubusercontent.com/Concept211/Google-Maps-Markers/master/images/marker_gray.png",
      "season" : 2,
      "episode" : 5,
      "url" : "http://kuchennerewolucje.tvn.pl/odcinki-online,2/odcinek-5-sezon-2,10275,o.html"
    },
    "geometry" : {
      "type" : "Point",
      "coordinates" : [ 21.0084234, 52.251672 ]
    }
  }, {
    "type" : "Feature",
    "properties" : {
      "name" : "Broniszówka",
      "icon" : "https://raw.githubusercontent.com/Concept211/Google-Maps-Markers/master/images/marker_gray.png",
      "season" : 2,
      "episode" : 8,
      "url" : "http://kuchennerewolucje.tvn.pl/odcinki-online,2/odcinek-8-sezon-2,10276,o.html"
    },
    "geometry" : {
      "type" : "Point",
      "coordinates" : [ 20.8425296, 52.2114039 ]
    }
  }, {
    "type" : "Feature",
    "properties" : {
      "name" : "Restauracja Zamkowa",
      "icon" : "https://raw.githubusercontent.com/Concept211/Google-Maps-Markers/master/images/marker_blue.png",
      "season" : 2,
      "episode" : 9,
      "url" : "http://kuchennerewolucje.tvn.pl/odcinki-online,2/odcinek-9-sezon-2,10277,o.html",
      "homepage" : "http://www.restauracja-zamkowa.pl/"
    },
    "geometry" : {
      "type" : "Point",
      "coordinates" : [ 15.7686319, 53.7725983 ]
    }
  }, {
    "type" : "Feature",
    "properties" : {
      "name" : "Paroles",
      "icon" : "https://raw.githubusercontent.com/Concept211/Google-Maps-Markers/master/images/marker_gray.png",
      "season" : 2,
      "episode" : 10,
      "url" : "http://kuchennerewolucje.tvn.pl/odcinki-online,2/odcinek-10-sezon-2,10278,o.html"
    },
    "geometry" : {
      "type" : "Point",
      "coordinates" : [ 19.9438531, 50.0492955 ]
    }
  }, {
    "type" : "Feature",
    "properties" : {
      "name" : "Czarcia Łapa",
      "icon" : "https://raw.githubusercontent.com/Concept211/Google-Maps-Markers/master/images/marker_gray.png",
      "season" : 2,
      "episode" : 12,
      "url" : "http://kuchennerewolucje.tvn.pl/odcinki-online,2/odcinek-12-sezon-2,10279,o.html",
      "homepage" : "http://czarcia.pl/"
    },
    "geometry" : {
      "type" : "Point",
      "coordinates" : [ 22.567257, 51.24776929999999 ]
    }
  }, {
    "type" : "Feature",
    "properties" : {
      "name" : "Tabun",
      "icon" : "https://raw.githubusercontent.com/Concept211/Google-Maps-Markers/master/images/marker_blue.png",
      "season" : 2,
      "episode" : 13,
      "url" : "http://kuchennerewolucje.tvn.pl/odcinki-online,2/odcinek-13-sezon-2,10280,o.html",
      "homepage" : "http://restauracjatabun.kuznia.net/"
    },
    "geometry" : {
      "type" : "Point",
      "coordinates" : [ 18.524595, 54.32063369999999 ]
    }
  }, {
    "type" : "Feature",
    "properties" : {
      "name" : "Tawerna Dominikańska",
      "icon" : "https://raw.githubusercontent.com/Concept211/Google-Maps-Markers/master/images/marker_blue.png",
      "season" : 2,
      "episode" : 14,
      "url" : "http://kuchennerewolucje.tvn.pl/odcinki-online,2/odcinek-14-sezon-2,10281,o.html",
      "homepage" : "http://tawernadominikanska.pl"
    },
    "geometry" : {
      "type" : "Point",
      "coordinates" : [ 18.6578118, 54.3524556 ]
    }
  }, {
    "type" : "Feature",
    "properties" : {
      "name" : "Barbarossa",
      "icon" : "https://raw.githubusercontent.com/Concept211/Google-Maps-Markers/master/images/marker_gray.png",
      "season" : 3,
      "episode" : 11,
      "url" : "http://kuchennerewolucje.tvn.pl/odcinki-online,3/odcinek-11-sezon-3,10292,o.html"
    },
    "geometry" : {
      "type" : "Point",
      "coordinates" : [ 22.2743605, 52.16408790000001 ]
    }
  }, {
    "type" : "Feature",
    "properties" : {
      "name" : "Barcelonka",
      "icon" : "https://raw.githubusercontent.com/Concept211/Google-Maps-Markers/master/images/marker_gray.png",
      "season" : 3,
      "episode" : 10,
      "url" : "http://kuchennerewolucje.tvn.pl/odcinki-online,3/odcinek-10-sezon-3,10291,o.html"
    },
    "geometry" : {
      "type" : "Point",
      "coordinates" : [ 22.7628494, 49.7817715 ]
    }
  }, {
    "type" : "Feature",
    "properties" : {
      "name" : "Karczma U Jędzy",
      "icon" : "https://raw.githubusercontent.com/Concept211/Google-Maps-Markers/master/images/marker_blue.png",
      "season" : 3,
      "episode" : 9,
      "url" : "http://kuchennerewolucje.tvn.pl/odcinki-online,3/odcinek-9-sezon-3,10290,o.html",
      "homepage" : "https://karczmamario.eatbu.com/"
    },
    "geometry" : {
      "type" : "Point",
      "coordinates" : [ 19.9710473, 50.035159 ]
    }
  }, {
    "type" : "Feature",
    "properties" : {
      "name" : "Valencia",
      "icon" : "https://raw.githubusercontent.com/Concept211/Google-Maps-Markers/master/images/marker_gray.png",
      "season" : 3,
      "episode" : 8,
      "url" : "http://kuchennerewolucje.tvn.pl/odcinki-online,3/odcinek-8-sezon-3,10289,o.html",
      "homepage" : "http://www.sobremesatapas.com/"
    },
    "geometry" : {
      "type" : "Point",
      "coordinates" : [ 20.9876156, 52.2344756 ]
    }
  }, {
    "type" : "Feature",
    "properties" : {
      "name" : "Maxim",
      "icon" : "https://raw.githubusercontent.com/Concept211/Google-Maps-Markers/master/images/marker_blue.png",
      "season" : 3,
      "episode" : 7,
      "url" : "http://kuchennerewolucje.tvn.pl/odcinki-online,3/odcinek-7-sezon-3,10288,o.html"
    },
    "geometry" : {
      "type" : "Point",
      "coordinates" : [ 20.059901, 49.9831211 ]
    }
  }, {
    "type" : "Feature",
    "properties" : {
      "name" : "Indian Ocean",
      "icon" : "https://raw.githubusercontent.com/Concept211/Google-Maps-Markers/master/images/marker_gray.png",
      "season" : 3,
      "episode" : 6,
      "url" : "http://kuchennerewolucje.tvn.pl/odcinki-online,3/odcinek-6-sezon-3,10287,o.html"
    },
    "geometry" : {
      "type" : "Point",
      "coordinates" : [ 16.9773366, 52.3859197 ]
    }
  }, {
    "type" : "Feature",
    "properties" : {
      "name" : "Alchemik",
      "icon" : "https://raw.githubusercontent.com/Concept211/Google-Maps-Markers/master/images/marker_gray.png",
      "season" : 3,
      "episode" : 5,
      "url" : "http://kuchennerewolucje.tvn.pl/odcinki-online,3/odcinek-5-sezon-3,10286,o.html",
      "homepage" : "https://alchemik-restauracja.pl/"
    },
    "geometry" : {
      "type" : "Point",
      "coordinates" : [ 20.0096285, 51.54365929999999 ]
    }
  }, {
    "type" : "Feature",
    "properties" : {
      "name" : "Kuchnia i wino",
      "icon" : "https://raw.githubusercontent.com/Concept211/Google-Maps-Markers/master/images/marker_gray.png",
      "season" : 3,
      "episode" : 4,
      "url" : "http://kuchennerewolucje.tvn.pl/odcinki-online,3/odcinek-4-sezon-3,10285,o.html"
    },
    "geometry" : {
      "type" : "Point",
      "coordinates" : [ 18.9294288, 49.968146 ]
    }
  }, {
    "type" : "Feature",
    "properties" : {
      "name" : "Restauracja Peper's",
      "icon" : "https://raw.githubusercontent.com/Concept211/Google-Maps-Markers/master/images/marker_gray.png",
      "season" : 3,
      "episode" : 3,
      "url" : "http://kuchennerewolucje.tvn.pl/odcinki-online,3/odcinek-3-sezon-3,10284,o.html",
      "homepage" : "http://www.zapiecekpodlaskiejadlo.pl/"
    },
    "geometry" : {
      "type" : "Point",
      "coordinates" : [ 23.1586905, 53.1320102 ]
    }
  }, {
    "type" : "Feature",
    "properties" : {
      "name" : "Colloseum",
      "icon" : "https://raw.githubusercontent.com/Concept211/Google-Maps-Markers/master/images/marker_gray.png",
      "season" : 3,
      "episode" : 2,
      "url" : "http://kuchennerewolucje.tvn.pl/odcinki-online,3/odcinek-2-sezon-3,10283,o.html",
      "homepage" : "https://www.podprosiakiem.pl/"
    },
    "geometry" : {
      "type" : "Point",
      "coordinates" : [ 18.9861412, 50.0954399 ]
    }
  }, {
    "type" : "Feature",
    "properties" : {
      "name" : "Obrochtówka",
      "icon" : "https://raw.githubusercontent.com/Concept211/Google-Maps-Markers/master/images/marker_gray.png",
      "season" : 3,
      "episode" : 1,
      "url" : "http://kuchennerewolucje.tvn.pl/odcinki-online,3/odcinek-1-sezon-3,10282,o.html",
      "homepage" : "https://www.facebook.com/Barbara.Obrochtowka/"
    },
    "geometry" : {
      "type" : "Point",
      "coordinates" : [ 19.9657407, 49.2899186 ]
    }
  }, {
    "type" : "Feature",
    "properties" : {
      "name" : "Zapiecek",
      "icon" : "https://raw.githubusercontent.com/Concept211/Google-Maps-Markers/master/images/marker_blue.png",
      "season" : 4,
      "episode" : 14,
      "url" : "http://kuchennerewolucje.tvn.pl/odcinki-online,4/odcinek-14-sezon-4,10307,o.html"
    },
    "geometry" : {
      "type" : "Point",
      "coordinates" : [ 16.9076696, 52.4070778 ]
    }
  }, {
    "type" : "Feature",
    "properties" : {
      "name" : "Karczma Polany",
      "icon" : "https://raw.githubusercontent.com/Concept211/Google-Maps-Markers/master/images/marker_gray.png",
      "season" : 4,
      "episode" : 13,
      "url" : "http://kuchennerewolucje.tvn.pl/odcinki-online,4/odcinek-13-sezon-4,10306,o.html",
      "homepage" : "https://polany.pl/"
    },
    "geometry" : {
      "type" : "Point",
      "coordinates" : [ 19.8641654, 49.2779472 ]
    }
  }, {
    "type" : "Feature",
    "properties" : {
      "name" : "Karczma Nałęczowska",
      "icon" : "https://raw.githubusercontent.com/Concept211/Google-Maps-Markers/master/images/marker_gray.png",
      "season" : 4,
      "episode" : 12,
      "url" : "http://kuchennerewolucje.tvn.pl/odcinki-online,4/odcinek-12-sezon-4,10305,o.html",
      "homepage" : "http://karczmanaleczowska.org/"
    },
    "geometry" : {
      "type" : "Point",
      "coordinates" : [ 22.2169834, 51.2877017 ]
    }
  }, {
    "type" : "Feature",
    "properties" : {
      "name" : "Stella Cafe",
      "icon" : "https://raw.githubusercontent.com/Concept211/Google-Maps-Markers/master/images/marker_gray.png",
      "season" : 4,
      "episode" : 11,
      "url" : "http://kuchennerewolucje.tvn.pl/odcinki-online,4/odcinek-11-sezon-4,10304,o.html"
    },
    "geometry" : {
      "type" : "Point",
      "coordinates" : [ 17.7489538, 54.5414028 ]
    }
  }, {
    "type" : "Feature",
    "properties" : {
      "name" : "Galeria Smaku",
      "icon" : "https://raw.githubusercontent.com/Concept211/Google-Maps-Markers/master/images/marker_blue.png",
      "season" : 4,
      "episode" : 10,
      "url" : "http://kuchennerewolucje.tvn.pl/odcinki-online,4/odcinek-10-sezon-4,10303,o.html",
      "homepage" : "https://www.facebook.com/GALERIA.SMAKU.KOZIENICE/"
    },
    "geometry" : {
      "type" : "Point",
      "coordinates" : [ 21.549282, 51.5859538 ]
    }
  }, {
    "type" : "Feature",
    "properties" : {
      "name" : "Stara Kuźnia",
      "icon" : "https://raw.githubusercontent.com/Concept211/Google-Maps-Markers/master/images/marker_gray.png",
      "season" : 4,
      "episode" : 9,
      "url" : "http://kuchennerewolucje.tvn.pl/odcinki-online,4/odcinek-9-sezon-4,10302,o.html",
      "homepage" : "http://www.borowikowy-las.pl/"
    },
    "geometry" : {
      "type" : "Point",
      "coordinates" : [ 21.3833116, 51.75681429999999 ]
    }
  }, {
    "type" : "Feature",
    "properties" : {
      "name" : "Li-Du",
      "icon" : "https://raw.githubusercontent.com/Concept211/Google-Maps-Markers/master/images/marker_gray.png",
      "season" : 4,
      "episode" : 8,
      "url" : "http://kuchennerewolucje.tvn.pl/odcinki-online,4/odcinek-8-sezon-4,10301,o.html"
    },
    "geometry" : {
      "type" : "Point",
      "coordinates" : [ 21.0196624, 52.2359787 ]
    }
  }, {
    "type" : "Feature",
    "properties" : {
      "name" : "Braterska",
      "icon" : "https://raw.githubusercontent.com/Concept211/Google-Maps-Markers/master/images/marker_gray.png",
      "season" : 4,
      "episode" : 7,
      "url" : "http://kuchennerewolucje.tvn.pl/odcinki-online,4/odcinek-7-sezon-4,10300,o.html",
      "homepage" : "http://www.restauracja-braterska.pl/"
    },
    "geometry" : {
      "type" : "Point",
      "coordinates" : [ 21.4063343, 52.949796 ]
    }
  }, {
    "type" : "Feature",
    "properties" : {
      "name" : "Karczma przy dworze",
      "icon" : "https://raw.githubusercontent.com/Concept211/Google-Maps-Markers/master/images/marker_gray.png",
      "season" : 4,
      "episode" : 6,
      "url" : "http://kuchennerewolucje.tvn.pl/odcinki-online,4/odcinek-6-sezon-4,10299,o.html",
      "homepage" : "https://ostoyarzeszow.pl/karczma-ostoya/"
    },
    "geometry" : {
      "type" : "Point",
      "coordinates" : [ 22.0582764, 50.1118551 ]
    }
  }, {
    "type" : "Feature",
    "properties" : {
      "name" : "Ania z Zielonego Wzgórza",
      "icon" : "https://raw.githubusercontent.com/Concept211/Google-Maps-Markers/master/images/marker_gray.png",
      "season" : 4,
      "episode" : 5,
      "url" : "http://kuchennerewolucje.tvn.pl/odcinki-online,4/odcinek-5-sezon-4,10298,o.html"
    },
    "geometry" : {
      "type" : "Point",
      "coordinates" : [ 18.854173, 50.44383 ]
    }
  }, {
    "type" : "Feature",
    "properties" : {
      "name" : "Penelopa",
      "icon" : "https://raw.githubusercontent.com/Concept211/Google-Maps-Markers/master/images/marker_blue.png",
      "season" : 4,
      "episode" : 4,
      "url" : "http://kuchennerewolucje.tvn.pl/odcinki-online,4/odcinek-4-sezon-4,10297,o.html"
    },
    "geometry" : {
      "type" : "Point",
      "coordinates" : [ 18.2557863, 52.7969557 ]
    }
  }, {
    "type" : "Feature",
    "properties" : {
      "name" : "Panorama",
      "icon" : "https://raw.githubusercontent.com/Concept211/Google-Maps-Markers/master/images/marker_gray.png",
      "season" : 4,
      "episode" : 3,
      "url" : "http://kuchennerewolucje.tvn.pl/odcinki-online,4/odcinek-3-sezon-4,10296,o.html",
      "homepage" : "http://www.ogrodynadnarwia.pl/"
    },
    "geometry" : {
      "type" : "Point",
      "coordinates" : [ 21.8787224, 53.2283968 ]
    }
  }, {
    "type" : "Feature",
    "properties" : {
      "name" : "Steak House Rodeo",
      "icon" : "https://raw.githubusercontent.com/Concept211/Google-Maps-Markers/master/images/marker_gray.png",
      "season" : 4,
      "episode" : 2,
      "url" : "http://kuchennerewolucje.tvn.pl/odcinki-online,4/odcinek-2-sezon-4,10295,o.html",
      "homepage" : "https://www.facebook.com/share/p/1Gndw7QXuk/?mibextid=wwXIfr"
    },
    "geometry" : {
      "type" : "Point",
      "coordinates" : [ 18.749194, 53.49354289999999 ]
    }
  }, {
    "type" : "Feature",
    "properties" : {
      "name" : "Kapitan Nemo",
      "icon" : "https://raw.githubusercontent.com/Concept211/Google-Maps-Markers/master/images/marker_gray.png",
      "season" : 5,
      "episode" : 1,
      "url" : "http://kuchennerewolucje.tvn.pl/odcinki-online,5/odcinek-1-sezon-5,10720,o.html"
    },
    "geometry" : {
      "type" : "Point",
      "coordinates" : [ 18.5539605, 54.5189021 ]
    }
  }, {
    "type" : "Feature",
    "properties" : {
      "name" : "Karczma u Bartka",
      "icon" : "https://raw.githubusercontent.com/Concept211/Google-Maps-Markers/master/images/marker_gray.png",
      "season" : 5,
      "episode" : 2,
      "url" : "http://kuchennerewolucje.tvn.pl/odcinki-online,5/odcinek-2-sezon-5,10787,o.html"
    },
    "geometry" : {
      "type" : "Point",
      "coordinates" : [ 20.1006889, 49.3394547 ]
    }
  }, {
    "type" : "Feature",
    "properties" : {
      "name" : "Tawerna",
      "icon" : "https://raw.githubusercontent.com/Concept211/Google-Maps-Markers/master/images/marker_blue.png",
      "season" : 5,
      "episode" : 3,
      "url" : "http://kuchennerewolucje.tvn.pl/odcinki-online,5/odcinek-3-sezon-5,11303,o.html",
      "homepage" : "https://barfamilijny.com/"
    },
    "geometry" : {
      "type" : "Point",
      "coordinates" : [ 20.3927076, 53.9839902 ]
    }
  }, {
    "type" : "Feature",
    "properties" : {
      "name" : "Syrenka",
      "icon" : "https://raw.githubusercontent.com/Concept211/Google-Maps-Markers/master/images/marker_gray.png",
      "season" : 5,
      "episode" : 4,
      "url" : "http://kuchennerewolucje.tvn.pl/odcinki-online,5/odcinek-4-sezon-5,11304,o.html",
      "homepage" : "https://www.facebook.com/profile.php?id=100025107795059"
    },
    "geometry" : {
      "type" : "Point",
      "coordinates" : [ 16.8553844, 54.584615 ]
    }
  }, {
    "type" : "Feature",
    "properties" : {
      "name" : "Pyszny Browar",
      "icon" : "https://raw.githubusercontent.com/Concept211/Google-Maps-Markers/master/images/marker_blue.png",
      "season" : 5,
      "episode" : 5,
      "url" : "http://kuchennerewolucje.tvn.pl/odcinki-online,5/odcinek-5-sezon-5,11411,o.html"
    },
    "geometry" : {
      "type" : "Point",
      "coordinates" : [ 21.1391742, 51.4024507 ]
    }
  }, {
    "type" : "Feature",
    "properties" : {
      "name" : "Greek",
      "icon" : "https://raw.githubusercontent.com/Concept211/Google-Maps-Markers/master/images/marker_blue.png",
      "season" : 5,
      "episode" : 6,
      "url" : "http://kuchennerewolucje.tvn.pl/odcinki-online,5/odcinek-6-sezon-5,11691,o.html",
      "homepage" : "http://www.facebook.com/restauracjagreekzorbas"
    },
    "geometry" : {
      "type" : "Point",
      "coordinates" : [ 22.9807596, 53.84350329999999 ]
    }
  }, {
    "type" : "Feature",
    "properties" : {
      "name" : "Campo di Fiori",
      "icon" : "https://raw.githubusercontent.com/Concept211/Google-Maps-Markers/master/images/marker_gray.png",
      "season" : 5,
      "episode" : 7,
      "url" : "http://kuchennerewolucje.tvn.pl/odcinki-online,5/odcinek-7-sezon-5,11873,o.html",
      "homepage" : "https://www.turismoroma.it/it/luoghi/campo-de%E2%80%99-fiori"
    },
    "geometry" : {
      "type" : "Point",
      "coordinates" : [ 12.4721757, 41.8956045 ]
    }
  }, {
    "type" : "Feature",
    "properties" : {
      "name" : "Samui",
      "icon" : "https://raw.githubusercontent.com/Concept211/Google-Maps-Markers/master/images/marker_gray.png",
      "season" : 5,
      "episode" : 8,
      "url" : "http://kuchennerewolucje.tvn.pl/odcinki-online,5/odcinek-8-sezon-5,12041,o.html",
      "homepage" : "http://www.samui.com.pl/"
    },
    "geometry" : {
      "type" : "Point",
      "coordinates" : [ 19.9348012, 50.06026190000001 ]
    }
  }, {
    "type" : "Feature",
    "properties" : {
      "name" : "Niebieski Parasol",
      "icon" : "https://raw.githubusercontent.com/Concept211/Google-Maps-Markers/master/images/marker_gray.png",
      "season" : 5,
      "episode" : 9,
      "url" : "http://kuchennerewolucje.tvn.pl/odcinki-online,5/odcinek-9-sezon-5,12512,o.html"
    },
    "geometry" : {
      "type" : "Point",
      "coordinates" : [ 15.9414413, 51.2719134 ]
    }
  }, {
    "type" : "Feature",
    "properties" : {
      "name" : "Corum",
      "icon" : "https://raw.githubusercontent.com/Concept211/Google-Maps-Markers/master/images/marker_gray.png",
      "season" : 5,
      "episode" : 10,
      "url" : "http://kuchennerewolucje.tvn.pl/odcinki-online,5/odcinek-10-sezon-5,12675,o.html",
      "homepage" : "https://corum.pl/"
    },
    "geometry" : {
      "type" : "Point",
      "coordinates" : [ 15.7786647, 50.7735309 ]
    }
  }, {
    "type" : "Feature",
    "properties" : {
      "name" : "Namaste",
      "icon" : "https://raw.githubusercontent.com/Concept211/Google-Maps-Markers/master/images/marker_gray.png",
      "season" : 5,
      "episode" : 11,
      "url" : "http://kuchennerewolucje.tvn.pl/odcinki-online,5/odcinek-11-sezon-5,12964,o.html",
      "homepage" : "http://www.namaste-india.eu/"
    },
    "geometry" : {
      "type" : "Point",
      "coordinates" : [ 15.5062208, 51.9400905 ]
    }
  }, {
    "type" : "Feature",
    "properties" : {
      "name" : "Pałac Nieznanice",
      "icon" : "https://raw.githubusercontent.com/Concept211/Google-Maps-Markers/master/images/marker_gray.png",
      "season" : 5,
      "episode" : 12,
      "url" : "http://kuchennerewolucje.tvn.pl/odcinki-online,5/odcinek-12-sezon-5,13179,o.html",
      "homepage" : "http://www.nieznanice.pl/"
    },
    "geometry" : {
      "type" : "Point",
      "coordinates" : [ 19.3094446, 50.919904 ]
    }
  }, {
    "type" : "Feature",
    "properties" : {
      "name" : "Karczma pod Łosiem",
      "icon" : "https://raw.githubusercontent.com/Concept211/Google-Maps-Markers/master/images/marker_gray.png",
      "season" : 5,
      "episode" : 13,
      "url" : "http://kuchennerewolucje.tvn.pl/odcinki-online,5/odcinek-13-sezon-5,13360,o.html",
      "homepage" : "https://karczma-pod-losiem.pl/"
    },
    "geometry" : {
      "type" : "Point",
      "coordinates" : [ 15.2910461, 52.7593815 ]
    }
  }, {
    "type" : "Feature",
    "properties" : {
      "name" : "Fregata",
      "icon" : "https://raw.githubusercontent.com/Concept211/Google-Maps-Markers/master/images/marker_gray.png",
      "season" : 5,
      "episode" : 14,
      "url" : "http://kuchennerewolucje.tvn.pl/odcinki-online,5/odcinek-14-sezon-5,13603,o.html",
      "homepage" : "http://www.fregatarestauracja.pl/"
    },
    "geometry" : {
      "type" : "Point",
      "coordinates" : [ 16.1783776, 54.19356699999999 ]
    }
  }, {
    "type" : "Feature",
    "properties" : {
      "name" : "Kameralna",
      "icon" : "https://raw.githubusercontent.com/Concept211/Google-Maps-Markers/master/images/marker_blue.png",
      "season" : 6,
      "episode" : 1,
      "url" : "http://kuchennerewolucje.tvn.pl/odcinki-online,6/odcinek-1-sezon-6,14804,o.html",
      "homepage" : "https://www.facebook.com/kameralna.pulawy"
    },
    "geometry" : {
      "type" : "Point",
      "coordinates" : [ 16.9148978, 52.99283690000001 ]
    }
  }, {
    "type" : "Feature",
    "properties" : {
      "name" : "Magnolia",
      "icon" : "https://raw.githubusercontent.com/Concept211/Google-Maps-Markers/master/images/marker_gray.png",
      "season" : 6,
      "episode" : 2,
      "url" : "http://kuchennerewolucje.tvn.pl/odcinki-online,6/odcinek-2-sezon-6,14849,o.html"
    },
    "geometry" : {
      "type" : "Point",
      "coordinates" : [ 15.4113404, 51.0317825 ]
    }
  }, {
    "type" : "Feature",
    "properties" : {
      "name" : "Zajazd Leśna Chata",
      "icon" : "https://raw.githubusercontent.com/Concept211/Google-Maps-Markers/master/images/marker_blue.png",
      "season" : 6,
      "episode" : 3,
      "url" : "http://kuchennerewolucje.tvn.pl/odcinki-online,6/odcinek-3-sezon-6,15008,o.html"
    },
    "geometry" : {
      "type" : "Point",
      "coordinates" : [ 20.4171745, 51.3876363 ]
    }
  }, {
    "type" : "Feature",
    "properties" : {
      "name" : "Łabędź",
      "icon" : "https://raw.githubusercontent.com/Concept211/Google-Maps-Markers/master/images/marker_gray.png",
      "season" : 6,
      "episode" : 4,
      "url" : "http://kuchennerewolucje.tvn.pl/odcinki-online,6/odcinek-4-sezon-6,15080,o.html",
      "homepage" : "https://gliwice.eu/dla-turystow/galerie-zdjec/kwiatowe-rzezby"
    },
    "geometry" : {
      "type" : "Point",
      "coordinates" : [ 18.6194821, 50.33982 ]
    }
  }, {
    "type" : "Feature",
    "properties" : {
      "name" : "Antykwariat",
      "icon" : "https://raw.githubusercontent.com/Concept211/Google-Maps-Markers/master/images/marker_gray.png",
      "season" : 6,
      "episode" : 5,
      "url" : "http://kuchennerewolucje.tvn.pl/odcinki-online,6/odcinek-5-sezon-6,15177,o.html",
      "homepage" : "https://twoje-podreczniki.pl/"
    },
    "geometry" : {
      "type" : "Point",
      "coordinates" : [ 22.5178745, 51.2424043 ]
    }
  }, {
    "type" : "Feature",
    "properties" : {
      "name" : "Leo Libra",
      "icon" : "https://raw.githubusercontent.com/Concept211/Google-Maps-Markers/master/images/marker_gray.png",
      "season" : 6,
      "episode" : 6,
      "url" : "http://kuchennerewolucje.tvn.pl/odcinki-online,6/odcinek-6-sezon-6,15564,o.html",
      "homepage" : "http://www.leo-libra.gniezno.pl/"
    },
    "geometry" : {
      "type" : "Point",
      "coordinates" : [ 17.609485, 52.556878 ]
    }
  }, {
    "type" : "Feature",
    "properties" : {
      "name" : "Kuźnia Smaków",
      "icon" : "https://raw.githubusercontent.com/Concept211/Google-Maps-Markers/master/images/marker_gray.png",
      "season" : 6,
      "episode" : 7,
      "url" : "http://kuchennerewolucje.tvn.pl/odcinki-online,6/odcinek-7-sezon-6,15719,o.html",
      "homepage" : "https://www.kuzniazdrowia.pl/"
    },
    "geometry" : {
      "type" : "Point",
      "coordinates" : [ 19.0310003, 49.8623485 ]
    }
  }, {
    "type" : "Feature",
    "properties" : {
      "name" : "Orient Express",
      "icon" : "https://raw.githubusercontent.com/Concept211/Google-Maps-Markers/master/images/marker_blue.png",
      "season" : 6,
      "episode" : 8,
      "url" : "http://kuchennerewolucje.tvn.pl/odcinki-online,6/odcinek-8-sezon-6,15879,o.html",
      "homepage" : "https://expressbydgoski.pl/kuchenne-rewolucje-orient-express-lublin-menu-ceny-opinie/ar/13502053"
    },
    "geometry" : {
      "type" : "Point",
      "coordinates" : [ 22.5686111, 51.2480556 ]
    }
  }, {
    "type" : "Feature",
    "properties" : {
      "name" : "Zajazd pod Jodłową Górą",
      "icon" : "https://raw.githubusercontent.com/Concept211/Google-Maps-Markers/master/images/marker_gray.png",
      "season" : 6,
      "episode" : 9,
      "url" : "http://kuchennerewolucje.tvn.pl/odcinki-online,6/odcinek-9-sezon-6,16011,o.html"
    },
    "geometry" : {
      "type" : "Point",
      "coordinates" : [ 20.2750743, 49.7222766 ]
    }
  }, {
    "type" : "Feature",
    "properties" : {
      "name" : "Willa pod Złotym Ziemniakiem",
      "icon" : "https://raw.githubusercontent.com/Concept211/Google-Maps-Markers/master/images/marker_gray.png",
      "season" : 6,
      "episode" : 10,
      "url" : "http://kuchennerewolucje.tvn.pl/odcinki-online,6/odcinek-10-sezon-6,16230,o.html"
    },
    "geometry" : {
      "type" : "Point",
      "coordinates" : [ 18.954541, 49.943971 ]
    }
  }, {
    "type" : "Feature",
    "properties" : {
      "name" : "Karczma Leśniczanka",
      "icon" : "https://raw.githubusercontent.com/Concept211/Google-Maps-Markers/master/images/marker_gray.png",
      "season" : 6,
      "episode" : 11,
      "url" : "http://kuchennerewolucje.tvn.pl/odcinki-online,6/odcinek-11-sezon-6,16382,o.html"
    },
    "geometry" : {
      "type" : "Point",
      "coordinates" : [ 20.9499467, 53.4093145 ]
    }
  }, {
    "type" : "Feature",
    "properties" : {
      "name" : "Villa Toscania",
      "icon" : "https://raw.githubusercontent.com/Concept211/Google-Maps-Markers/master/images/marker_gray.png",
      "season" : 6,
      "episode" : 12,
      "url" : "http://kuchennerewolucje.tvn.pl/odcinki-online,6/odcinek-12-sezon-6,16645,o.html",
      "homepage" : "http://www.villatoscania.com/"
    },
    "geometry" : {
      "type" : "Point",
      "coordinates" : [ 15.8342301, 52.554891 ]
    }
  }, {
    "type" : "Feature",
    "properties" : {
      "name" : "Restauracja Gaumarjos",
      "icon" : "https://raw.githubusercontent.com/Concept211/Google-Maps-Markers/master/images/marker_gray.png",
      "season" : 6,
      "episode" : 13,
      "url" : "http://kuchennerewolucje.tvn.pl/odcinki-online,6/odcinek-13-sezon-6,16755,o.html",
      "homepage" : "http://www.gaumarjos.pl/"
    },
    "geometry" : {
      "type" : "Point",
      "coordinates" : [ 21.0531573, 52.1433302 ]
    }
  }, {
    "type" : "Feature",
    "properties" : {
      "name" : "Stary Kredens",
      "icon" : "https://raw.githubusercontent.com/Concept211/Google-Maps-Markers/master/images/marker_gray.png",
      "season" : 7,
      "episode" : 15,
      "url" : "http://player.pl/programy-online/kuchenne-rewolucje-odcinki,114/odcinek-15,S07E15,20212.html",
      "homepage" : "http://starykredens.com/"
    },
    "geometry" : {
      "type" : "Point",
      "coordinates" : [ 22.2058518, 49.5611287 ]
    }
  }, {
    "type" : "Feature",
    "properties" : {
      "name" : "Bazylia i Oregano",
      "icon" : "https://raw.githubusercontent.com/Concept211/Google-Maps-Markers/master/images/marker_blue.png",
      "season" : 7,
      "episode" : 14,
      "url" : "http://player.pl/programy-online/kuchenne-rewolucje-odcinki,114/odcinek-14,S07E14,20211.html",
      "homepage" : "https://pl-pl.facebook.com/BazyliaOregano.Wysoka12/"
    },
    "geometry" : {
      "type" : "Point",
      "coordinates" : [ 16.9294467, 52.4056095 ]
    }
  }, {
    "type" : "Feature",
    "properties" : {
      "name" : "Viki Lektiko",
      "icon" : "https://raw.githubusercontent.com/Concept211/Google-Maps-Markers/master/images/marker_gray.png",
      "season" : 7,
      "episode" : 13,
      "url" : "http://player.pl/programy-online/kuchenne-rewolucje-odcinki,114/odcinek-13,S07E13,20210.html",
      "homepage" : "http://oliwka.elblag.pl/"
    },
    "geometry" : {
      "type" : "Point",
      "coordinates" : [ 19.3966881, 54.157777 ]
    }
  }, {
    "type" : "Feature",
    "properties" : {
      "name" : "Malinówka",
      "icon" : "https://raw.githubusercontent.com/Concept211/Google-Maps-Markers/master/images/marker_gray.png",
      "season" : 7,
      "episode" : 12,
      "url" : "http://player.pl/programy-online/kuchenne-rewolucje-odcinki,114/odcinek-12,S07E12,20209.html",
      "homepage" : "https://www.facebook.com/Restauracja.Malinowka/"
    },
    "geometry" : {
      "type" : "Point",
      "coordinates" : [ 18.9475994, 49.6379509 ]
    }
  }, {
    "type" : "Feature",
    "properties" : {
      "name" : "Tawerna Ellada",
      "icon" : "https://raw.githubusercontent.com/Concept211/Google-Maps-Markers/master/images/marker_blue.png",
      "season" : 7,
      "episode" : 11,
      "url" : "http://kuchennerewolucje.tvn.pl/odcinki-online,7/odcinek-11-sezon-7,20052,o.html"
    },
    "geometry" : {
      "type" : "Point",
      "coordinates" : [ 16.0924964, 51.66421099999999 ]
    }
  }, {
    "type" : "Feature",
    "properties" : {
      "name" : "Majaga",
      "icon" : "https://raw.githubusercontent.com/Concept211/Google-Maps-Markers/master/images/marker_gray.png",
      "season" : 7,
      "episode" : 10,
      "url" : "http://player.pl/programy-online/kuchenne-rewolucje-odcinki,114/odcinek-10,S07E10,19800.html",
      "homepage" : "https://www.karczmagruzinska.pl/"
    },
    "geometry" : {
      "type" : "Point",
      "coordinates" : [ 21.4431336, 50.0767342 ]
    }
  }, {
    "type" : "Feature",
    "properties" : {
      "name" : "Perła",
      "icon" : "https://raw.githubusercontent.com/Concept211/Google-Maps-Markers/master/images/marker_blue.png",
      "season" : 7,
      "episode" : 9,
      "url" : "http://player.pl/programy-online/kuchenne-rewolucje-odcinki,114/odcinek-9,S07E09,19371.html",
      "homepage" : "http://www.perlajaslo.pl/"
    },
    "geometry" : {
      "type" : "Point",
      "coordinates" : [ 21.4773762, 49.7423484 ]
    }
  }, {
    "type" : "Feature",
    "properties" : {
      "name" : "Restauracja Carska",
      "icon" : "https://raw.githubusercontent.com/Concept211/Google-Maps-Markers/master/images/marker_gray.png",
      "season" : 7,
      "episode" : 8,
      "url" : "http://player.pl/programy-online/kuchenne-rewolucje-odcinki,114/odcinek-8,S07E08,19370.html",
      "homepage" : "https://kresowa.com.pl/"
    },
    "geometry" : {
      "type" : "Point",
      "coordinates" : [ 20.9457564, 52.4018428 ]
    }
  }, {
    "type" : "Feature",
    "properties" : {
      "name" : "VooDoo",
      "icon" : "https://raw.githubusercontent.com/Concept211/Google-Maps-Markers/master/images/marker_gray.png",
      "season" : 7,
      "episode" : 7,
      "url" : "http://player.pl/programy-online/kuchenne-rewolucje-odcinki,114/odcinek-7,S07E07,18977.html",
      "homepage" : "http://voodooclub.pl/"
    },
    "geometry" : {
      "type" : "Point",
      "coordinates" : [ 20.9591346, 52.224318 ]
    }
  }, {
    "type" : "Feature",
    "properties" : {
      "name" : "Marrone",
      "icon" : "https://raw.githubusercontent.com/Concept211/Google-Maps-Markers/master/images/marker_gray.png",
      "season" : 7,
      "episode" : 6,
      "url" : "http://player.pl/programy-online/kuchenne-rewolucje-odcinki,114/odcinek-6,S07E06,18976.html"
    },
    "geometry" : {
      "type" : "Point",
      "coordinates" : [ 17.8228055, 51.65004 ]
    }
  }, {
    "type" : "Feature",
    "properties" : {
      "name" : "Magistrat",
      "icon" : "https://raw.githubusercontent.com/Concept211/Google-Maps-Markers/master/images/marker_gray.png",
      "season" : 7,
      "episode" : 5,
      "url" : "http://player.pl/programy-online/kuchenne-rewolucje-odcinki,114/odcinek-5,S07E05,18913.html",
      "homepage" : "https://www.facebook.com/restauracjamagistrat/"
    },
    "geometry" : {
      "type" : "Point",
      "coordinates" : [ 23.8885635, 50.8040262 ]
    }
  }, {
    "type" : "Feature",
    "properties" : {
      "name" : "Gospoda Nasza Chata Smaków",
      "icon" : "https://raw.githubusercontent.com/Concept211/Google-Maps-Markers/master/images/marker_gray.png",
      "season" : 7,
      "episode" : 4,
      "url" : "http://player.pl/programy-online/kuchenne-rewolucje-odcinki,114/odcinek-4,S07E04,18748.html",
      "homepage" : "https://www.facebook.com/SchabowyRaz/"
    },
    "geometry" : {
      "type" : "Point",
      "coordinates" : [ 18.3096853, 54.300151 ]
    }
  }, {
    "type" : "Feature",
    "properties" : {
      "name" : "Restauracja Rybka",
      "icon" : "https://raw.githubusercontent.com/Concept211/Google-Maps-Markers/master/images/marker_gray.png",
      "season" : 7,
      "episode" : 3,
      "url" : "http://kuchennerewolucje.tvn.pl/odcinki-online,7/odcinek-3-sezon-7,18450,o.html",
      "homepage" : "http://www.tapasrybka.pl/"
    },
    "geometry" : {
      "type" : "Point",
      "coordinates" : [ 18.6294606, 54.4108646 ]
    }
  }, {
    "type" : "Feature",
    "properties" : {
      "name" : "Cieszyński Browar Mieszczański",
      "icon" : "https://raw.githubusercontent.com/Concept211/Google-Maps-Markers/master/images/marker_gray.png",
      "season" : 7,
      "episode" : 2,
      "url" : "http://kuchennerewolucje.tvn.pl/odcinki-online,7/odcinek-2-sezon-7,18174,o.html"
    },
    "geometry" : {
      "type" : "Point",
      "coordinates" : [ 18.6354709, 49.7497638 ]
    }
  }, {
    "type" : "Feature",
    "properties" : {
      "name" : "Folklor",
      "icon" : "https://raw.githubusercontent.com/Concept211/Google-Maps-Markers/master/images/marker_blue.png",
      "season" : 7,
      "episode" : 1,
      "url" : "http://player.pl/programy-online/kuchenne-rewolucje-odcinki,114/odcinek-1,S07E01,17913.html"
    },
    "geometry" : {
      "type" : "Point",
      "coordinates" : [ 16.8033692, 53.41547389999999 ]
    }
  }, {
    "type" : "Feature",
    "properties" : {
      "name" : "Marilyn",
      "icon" : "https://raw.githubusercontent.com/Concept211/Google-Maps-Markers/master/images/marker_blue.png",
      "season" : 8,
      "episode" : 15,
      "url" : "http://player.pl/programy-online/kuchenne-rewolucje-odcinki,114/odcinek-15,S08E15,24443.html"
    },
    "geometry" : {
      "type" : "Point",
      "coordinates" : [ 18.5852059, 54.2760865 ]
    }
  }, {
    "type" : "Feature",
    "properties" : {
      "name" : "Tawerna",
      "icon" : "https://raw.githubusercontent.com/Concept211/Google-Maps-Markers/master/images/marker_gray.png",
      "season" : 8,
      "episode" : 14,
      "url" : "http://kuchennerewolucje.tvn.pl/odcinki-online,8/odcinek-14-sezon-8,24847,o.html",
      "homepage" : "http://www.tawernakorsarz.pl/"
    },
    "geometry" : {
      "type" : "Point",
      "coordinates" : [ 20.965585, 52.2439465 ]
    }
  }, {
    "type" : "Feature",
    "properties" : {
      "name" : "Chata Paprocańska",
      "icon" : "https://raw.githubusercontent.com/Concept211/Google-Maps-Markers/master/images/marker_blue.png",
      "season" : 8,
      "episode" : 13,
      "url" : "http://kuchennerewolucje.tvn.pl/odcinki-online,8/odcinek-13-sezon-8,24573,o.html",
      "homepage" : "http://facebook.com/dombawarski"
    },
    "geometry" : {
      "type" : "Point",
      "coordinates" : [ 18.9917383, 50.0938323 ]
    }
  }, {
    "type" : "Feature",
    "properties" : {
      "name" : "Zajazd pod Kłobukiem",
      "icon" : "https://raw.githubusercontent.com/Concept211/Google-Maps-Markers/master/images/marker_blue.png",
      "season" : 8,
      "episode" : 12,
      "url" : "http://player.pl/programy-online/kuchenne-rewolucje-odcinki,114/odcinek-12,S08E12,23872.html",
      "homepage" : "http://klobuk.pl/"
    },
    "geometry" : {
      "type" : "Point",
      "coordinates" : [ 19.7312342, 53.9099926 ]
    }
  }, {
    "type" : "Feature",
    "properties" : {
      "name" : "Feniks",
      "icon" : "https://raw.githubusercontent.com/Concept211/Google-Maps-Markers/master/images/marker_blue.png",
      "season" : 8,
      "episode" : 11,
      "url" : "http://kuchennerewolucje.tvn.pl/odcinki-online,8/odcinek-11-sezon-8,24245,o.html"
    },
    "geometry" : {
      "type" : "Point",
      "coordinates" : [ 18.9320482, 50.0602526 ]
    }
  }, {
    "type" : "Feature",
    "properties" : {
      "name" : "Paradis",
      "icon" : "https://raw.githubusercontent.com/Concept211/Google-Maps-Markers/master/images/marker_gray.png",
      "season" : 8,
      "episode" : 10,
      "url" : "http://kuchennerewolucje.tvn.pl/odcinki-online,8/odcinek-10-sezon-8,23964,o.html"
    },
    "geometry" : {
      "type" : "Point",
      "coordinates" : [ 18.393449, 54.7107798 ]
    }
  }, {
    "type" : "Feature",
    "properties" : {
      "name" : "Imperium Smaku",
      "icon" : "https://raw.githubusercontent.com/Concept211/Google-Maps-Markers/master/images/marker_gray.png",
      "season" : 8,
      "episode" : 9,
      "url" : "http://kuchennerewolucje.tvn.pl/odcinki-online,8/odcinek-9-sezon-8,23806,o.html",
      "homepage" : "http://www.goraca-kielbasiarnia.pl/"
    },
    "geometry" : {
      "type" : "Point",
      "coordinates" : [ 19.4712173, 51.7887002 ]
    }
  }, {
    "type" : "Feature",
    "properties" : {
      "name" : "Bar Zigi",
      "icon" : "https://raw.githubusercontent.com/Concept211/Google-Maps-Markers/master/images/marker_blue.png",
      "season" : 8,
      "episode" : 8,
      "url" : "http://player.pl/programy-online/kuchenne-rewolucje-odcinki,114/odcinek-8,S08E08,23327.html"
    },
    "geometry" : {
      "type" : "Point",
      "coordinates" : [ 17.9587075, 54.11557519999999 ]
    }
  }, {
    "type" : "Feature",
    "properties" : {
      "name" : "Mauritiana",
      "icon" : "https://raw.githubusercontent.com/Concept211/Google-Maps-Markers/master/images/marker_gray.png",
      "season" : 8,
      "episode" : 7,
      "url" : "http://kuchennerewolucje.tvn.pl/odcinki-online,8/odcinek-7-sezon-8,23287,o.html",
      "homepage" : "https://tinyurl.com/yc8y3ybp"
    },
    "geometry" : {
      "type" : "Point",
      "coordinates" : [ 20.0412674, 49.4904213 ]
    }
  }, {
    "type" : "Feature",
    "properties" : {
      "name" : "Euforia",
      "icon" : "https://raw.githubusercontent.com/Concept211/Google-Maps-Markers/master/images/marker_gray.png",
      "season" : 8,
      "episode" : 6,
      "url" : "http://kuchennerewolucje.tvn.pl/odcinki-online,8/odcinek-6-sezon-8,23221,o.html"
    },
    "geometry" : {
      "type" : "Point",
      "coordinates" : [ 19.363965, 50.4466517 ]
    }
  }, {
    "type" : "Feature",
    "properties" : {
      "name" : "Relax",
      "icon" : "https://raw.githubusercontent.com/Concept211/Google-Maps-Markers/master/images/marker_gray.png",
      "season" : 8,
      "episode" : 5,
      "url" : "http://kuchennerewolucje.tvn.pl/odcinki-online,8/odcinek-5-sezon-8,22971,o.html",
      "homepage" : "http://hotellwow-chelm.pl/"
    },
    "geometry" : {
      "type" : "Point",
      "coordinates" : [ 23.4956777, 51.1340083 ]
    }
  }, {
    "type" : "Feature",
    "properties" : {
      "name" : "Sielska Zagroda",
      "icon" : "https://raw.githubusercontent.com/Concept211/Google-Maps-Markers/master/images/marker_blue.png",
      "season" : 8,
      "episode" : 4,
      "url" : "http://player.pl/programy-online/kuchenne-rewolucje-odcinki,114/odcinek-4,S08E04,22211.html",
      "homepage" : "http://www.sielskazagroda.com.pl/"
    },
    "geometry" : {
      "type" : "Point",
      "coordinates" : [ 19.1075773, 54.21471529999999 ]
    }
  }, {
    "type" : "Feature",
    "properties" : {
      "name" : "U Wikinga",
      "icon" : "https://raw.githubusercontent.com/Concept211/Google-Maps-Markers/master/images/marker_gray.png",
      "season" : 8,
      "episode" : 3,
      "url" : "http://kuchennerewolucje.tvn.pl/odcinki-online,8/odcinek-3-sezon-8,22436,o.html",
      "homepage" : "http://www.williamwallace.pl/"
    },
    "geometry" : {
      "type" : "Point",
      "coordinates" : [ 17.0293045, 54.4664801 ]
    }
  }, {
    "type" : "Feature",
    "properties" : {
      "name" : "Do Syta",
      "icon" : "https://raw.githubusercontent.com/Concept211/Google-Maps-Markers/master/images/marker_gray.png",
      "season" : 8,
      "episode" : 2,
      "url" : "http://kuchennerewolucje.tvn.pl/odcinki-online,8/odcinek-2-sezon-8,22340,o.html",
      "homepage" : "http://www.jadlodajniadosyta.pl/"
    },
    "geometry" : {
      "type" : "Point",
      "coordinates" : [ 19.4223454, 51.7731167 ]
    }
  }, {
    "type" : "Feature",
    "properties" : {
      "name" : "U Przyjaciół",
      "icon" : "https://raw.githubusercontent.com/Concept211/Google-Maps-Markers/master/images/marker_gray.png",
      "season" : 8,
      "episode" : 1,
      "url" : "http://player.pl/programy-online/kuchenne-rewolucje-odcinki,114/odcinek-1,S08E01,21796.html",
      "homepage" : "http://www.uprzyjaciol.com.pl/"
    },
    "geometry" : {
      "type" : "Point",
      "coordinates" : [ 18.5744419, 54.4327458 ]
    }
  }, {
    "type" : "Feature",
    "properties" : {
      "name" : "Villa Bianco",
      "icon" : "https://raw.githubusercontent.com/Concept211/Google-Maps-Markers/master/images/marker_blue.png",
      "season" : 9,
      "episode" : 13,
      "url" : "http://kuchennerewolucje.tvn.pl/odcinki-online,9/odcinek-13-sezon-9,30204,o.html"
    },
    "geometry" : {
      "type" : "Point",
      "coordinates" : [ 16.887484, 51.1132755 ]
    }
  }, {
    "type" : "Feature",
    "properties" : {
      "name" : "Pizzeria La Torre",
      "icon" : "https://raw.githubusercontent.com/Concept211/Google-Maps-Markers/master/images/marker_gray.png",
      "season" : 9,
      "episode" : 12,
      "url" : "http://kuchennerewolucje.tvn.pl/odcinki-online,9/odcinek-12-sezon-9,29934,o.html",
      "homepage" : "https://restaurantguru.com/MiDano-Milakowo"
    },
    "geometry" : {
      "type" : "Point",
      "coordinates" : [ 20.0710623, 54.0095848 ]
    }
  }, {
    "type" : "Feature",
    "properties" : {
      "name" : "Bistro Jajo",
      "icon" : "https://raw.githubusercontent.com/Concept211/Google-Maps-Markers/master/images/marker_blue.png",
      "season" : 9,
      "episode" : 11,
      "url" : "http://player.pl/programy-online/kuchenne-rewolucje-odcinki,114/odcinek-11,S09E11,29706.html"
    },
    "geometry" : {
      "type" : "Point",
      "coordinates" : [ 15.9705611, 54.0093353 ]
    }
  }, {
    "type" : "Feature",
    "properties" : {
      "name" : "Pizzeria OdNowa",
      "icon" : "https://raw.githubusercontent.com/Concept211/Google-Maps-Markers/master/images/marker_blue.png",
      "season" : 9,
      "episode" : 10,
      "url" : "http://kuchennerewolucje.tvn.pl/odcinki-online,9/odcinek-10-sezon-9,29590,o.html",
      "homepage" : "http://facebook.com/pg/chlebisol/"
    },
    "geometry" : {
      "type" : "Point",
      "coordinates" : [ 20.4324719, 49.9671826 ]
    }
  }, {
    "type" : "Feature",
    "properties" : {
      "name" : "Zajazd pod zamkiem",
      "icon" : "https://raw.githubusercontent.com/Concept211/Google-Maps-Markers/master/images/marker_gray.png",
      "season" : 9,
      "episode" : 9,
      "url" : "http://kuchennerewolucje.tvn.pl/odcinki-online,9/odcinek-9-sezon-9,29585,o.html",
      "homepage" : "https://www.zajazd.ketrzyn.pl/"
    },
    "geometry" : {
      "type" : "Point",
      "coordinates" : [ 21.3764077, 54.0744132 ]
    }
  }, {
    "type" : "Feature",
    "properties" : {
      "name" : "La Costa",
      "icon" : "https://raw.githubusercontent.com/Concept211/Google-Maps-Markers/master/images/marker_gray.png",
      "season" : 9,
      "episode" : 8,
      "url" : "http://kuchennerewolucje.tvn.pl/odcinki-online,9/odcinek-8-sezon-9,29224,o.html"
    },
    "geometry" : {
      "type" : "Point",
      "coordinates" : [ 18.9675549, 50.6135526 ]
    }
  }, {
    "type" : "Feature",
    "properties" : {
      "name" : "Bistro pod Aniołami",
      "icon" : "https://raw.githubusercontent.com/Concept211/Google-Maps-Markers/master/images/marker_gray.png",
      "season" : 9,
      "episode" : 7,
      "url" : "http://kuchennerewolucje.tvn.pl/odcinki-online,9/odcinek-7-sezon-9,29043,o.html",
      "homepage" : "https://www.facebook.com/profile.php?id=61556952129692"
    },
    "geometry" : {
      "type" : "Point",
      "coordinates" : [ 17.3321451, 50.47295 ]
    }
  }, {
    "type" : "Feature",
    "properties" : {
      "name" : "Italia",
      "icon" : "https://raw.githubusercontent.com/Concept211/Google-Maps-Markers/master/images/marker_gray.png",
      "season" : 9,
      "episode" : 6,
      "url" : "http://kuchennerewolucje.tvn.pl/odcinki-online,9/odcinek-6-sezon-9,28909,o.html",
      "homepage" : "http://casadifulviomariaviola.pl/"
    },
    "geometry" : {
      "type" : "Point",
      "coordinates" : [ 19.0424729, 49.8560899 ]
    }
  }, {
    "type" : "Feature",
    "properties" : {
      "name" : "Zośka",
      "icon" : "https://raw.githubusercontent.com/Concept211/Google-Maps-Markers/master/images/marker_gray.png",
      "season" : 9,
      "episode" : 5,
      "url" : "http://kuchennerewolucje.tvn.pl/odcinki-online,9/odcinek-5-sezon-9,28635,o.html",
      "homepage" : "https://uzoskip.pl/"
    },
    "geometry" : {
      "type" : "Point",
      "coordinates" : [ 19.972022, 49.3114983 ]
    }
  }, {
    "type" : "Feature",
    "properties" : {
      "name" : "Zajazd Rudzki",
      "icon" : "https://raw.githubusercontent.com/Concept211/Google-Maps-Markers/master/images/marker_gray.png",
      "season" : 9,
      "episode" : 4,
      "url" : "http://player.pl/programy-online/kuchenne-rewolucje-odcinki,114/odcinek-4,S09E04,28058.html"
    },
    "geometry" : {
      "type" : "Point",
      "coordinates" : [ 18.8534414, 50.30053729999999 ]
    }
  }, {
    "type" : "Feature",
    "properties" : {
      "name" : "Black Jack",
      "icon" : "https://raw.githubusercontent.com/Concept211/Google-Maps-Markers/master/images/marker_gray.png",
      "season" : 9,
      "episode" : 3,
      "url" : "http://kuchennerewolucje.tvn.pl/odcinki-online,9/odcinek-3-sezon-9,28183,o.html",
      "homepage" : "http://www.eslupsk.pl/menu_online,wyswietl,id,32.html"
    },
    "geometry" : {
      "type" : "Point",
      "coordinates" : [ 17.0256006, 54.4669815 ]
    }
  }, {
    "type" : "Feature",
    "properties" : {
      "name" : "Pad Thai",
      "icon" : "https://raw.githubusercontent.com/Concept211/Google-Maps-Markers/master/images/marker_blue.png",
      "season" : 9,
      "episode" : 2,
      "url" : "http://player.pl/programy-online/kuchenne-rewolucje-odcinki,114/odcinek-2,S09E02,27680.html",
      "homepage" : "http://padthairestauracja.pl/"
    },
    "geometry" : {
      "type" : "Point",
      "coordinates" : [ 16.9183479, 52.4412734 ]
    }
  }, {
    "type" : "Feature",
    "properties" : {
      "name" : "Łebska Chata",
      "icon" : "https://raw.githubusercontent.com/Concept211/Google-Maps-Markers/master/images/marker_gray.png",
      "season" : 9,
      "episode" : 1,
      "url" : "http://kuchennerewolucje.tvn.pl/odcinki-online,9/odcinek-1-sezon-9,27337,o.html",
      "homepage" : "https://chatarybacka.pl/?utm_source=google_profile&utm_campaign=localo&utm_medium=mainlink"
    },
    "geometry" : {
      "type" : "Point",
      "coordinates" : [ 17.5512731, 54.76032259999999 ]
    }
  }, {
    "type" : "Feature",
    "properties" : {
      "name" : "Cechowowy Bar",
      "icon" : "https://raw.githubusercontent.com/Concept211/Google-Maps-Markers/master/images/marker_blue.png",
      "season" : 10,
      "episode" : 11,
      "url" : "http://player.pl/programy-online/kuchenne-rewolucje-odcinki,114/odcinek-11,S10E11,34595.html",
      "homepage" : "https://www.facebook.com/cechowybar"
    },
    "geometry" : {
      "type" : "Point",
      "coordinates" : [ 17.0387824, 53.3627566 ]
    }
  }, {
    "type" : "Feature",
    "properties" : {
      "name" : "Karczma Śląska",
      "icon" : "https://raw.githubusercontent.com/Concept211/Google-Maps-Markers/master/images/marker_gray.png",
      "season" : 10,
      "episode" : 10,
      "url" : "http://kuchennerewolucje.tvn.pl/odcinki-online,10/odcinek-10-sezon-10,34556,o.html",
      "homepage" : "http://m.facebook.com/Karczma-%C5%9Al%C4%85ska-387025988816153/"
    },
    "geometry" : {
      "type" : "Point",
      "coordinates" : [ 18.5958198, 49.9872786 ]
    }
  }, {
    "type" : "Feature",
    "properties" : {
      "name" : "Ranczo pod strusiem",
      "icon" : "https://raw.githubusercontent.com/Concept211/Google-Maps-Markers/master/images/marker_gray.png",
      "season" : 10,
      "episode" : 9,
      "url" : "http://kuchennerewolucje.tvn.pl/odcinki-online,10/odcinek-9-sezon-10,34231,o.html",
      "homepage" : "http://www.karczma-podlotniskiem.pl/pl/Menu"
    },
    "geometry" : {
      "type" : "Point",
      "coordinates" : [ 19.0128973, 49.8051217 ]
    }
  }, {
    "type" : "Feature",
    "properties" : {
      "name" : "Francja Elegancja",
      "icon" : "https://raw.githubusercontent.com/Concept211/Google-Maps-Markers/master/images/marker_blue.png",
      "season" : 10,
      "episode" : 8,
      "url" : "http://player.pl/programy-online/kuchenne-rewolucje-odcinki,114/odcinek-8,S10E08,33897.html"
    },
    "geometry" : {
      "type" : "Point",
      "coordinates" : [ 16.9342867, 52.4098176 ]
    }
  }, {
    "type" : "Feature",
    "properties" : {
      "name" : "Gęsia szyja",
      "icon" : "https://raw.githubusercontent.com/Concept211/Google-Maps-Markers/master/images/marker_gray.png",
      "season" : 10,
      "episode" : 7,
      "url" : "http://kuchennerewolucje.tvn.pl/odcinki-online,10/odcinek-7-sezon-10,33898,o.html",
      "homepage" : "https://www.gesia.pl/"
    },
    "geometry" : {
      "type" : "Point",
      "coordinates" : [ 23.4751551, 51.13229760000001 ]
    }
  }, {
    "type" : "Feature",
    "properties" : {
      "name" : "Pod Cielakiem",
      "icon" : "https://raw.githubusercontent.com/Concept211/Google-Maps-Markers/master/images/marker_blue.png",
      "season" : 10,
      "episode" : 6,
      "url" : "http://player.pl/programy-online/kuchenne-rewolucje-odcinki,114/odcinek-6,S10E06,33152.html"
    },
    "geometry" : {
      "type" : "Point",
      "coordinates" : [ 18.6071395, 54.3793759 ]
    }
  }, {
    "type" : "Feature",
    "properties" : {
      "name" : "Sekrety Buska",
      "icon" : "https://raw.githubusercontent.com/Concept211/Google-Maps-Markers/master/images/marker_gray.png",
      "season" : 10,
      "episode" : 5,
      "url" : "http://kuchennerewolucje.tvn.pl/odcinki-online,10/odcinek-5-sezon-10,33381,o.html",
      "homepage" : "http://sekretybuska.pl/"
    },
    "geometry" : {
      "type" : "Point",
      "coordinates" : [ 20.7166769, 50.4614536 ]
    }
  }, {
    "type" : "Feature",
    "properties" : {
      "name" : "Przystanek Łosoś",
      "icon" : "https://raw.githubusercontent.com/Concept211/Google-Maps-Markers/master/images/marker_blue.png",
      "season" : 10,
      "episode" : 4,
      "url" : "http://player.pl/programy-online/kuchenne-rewolucje-odcinki,114/odcinek-4,S10E04,33150.html",
      "homepage" : "http://przystanek-losos.pl/restauracja.html"
    },
    "geometry" : {
      "type" : "Point",
      "coordinates" : [ 18.1969306, 54.23528530000001 ]
    }
  }, {
    "type" : "Feature",
    "properties" : {
      "name" : "Millenium",
      "icon" : "https://raw.githubusercontent.com/Concept211/Google-Maps-Markers/master/images/marker_gray.png",
      "season" : 10,
      "episode" : 3,
      "url" : "http://kuchennerewolucje.tvn.pl/odcinki-online,10/odcinek-3-sezon-10,33167,o.html",
      "homepage" : "https://www.bankmillennium.pl/"
    },
    "geometry" : {
      "type" : "Point",
      "coordinates" : [ 18.7677031, 54.0960998 ]
    }
  }, {
    "type" : "Feature",
    "properties" : {
      "name" : "Bufet Country",
      "icon" : "https://raw.githubusercontent.com/Concept211/Google-Maps-Markers/master/images/marker_gray.png",
      "season" : 10,
      "episode" : 2,
      "url" : "http://player.pl/programy-online/kuchenne-rewolucje-odcinki,114/odcinek-2,S10E02,32393.html",
      "homepage" : "http://www.zajazdcountry.pl/"
    },
    "geometry" : {
      "type" : "Point",
      "coordinates" : [ 18.9508367, 50.0548243 ]
    }
  }, {
    "type" : "Feature",
    "properties" : {
      "name" : "Gościniec Myśliwski",
      "icon" : "https://raw.githubusercontent.com/Concept211/Google-Maps-Markers/master/images/marker_blue.png",
      "season" : 10,
      "episode" : 1,
      "url" : "http://player.pl/programy-online/kuchenne-rewolucje-odcinki,114/odcinek-1,S10E01,32135.html"
    },
    "geometry" : {
      "type" : "Point",
      "coordinates" : [ 18.5897003, 54.3648944 ]
    }
  }, {
    "type" : "Feature",
    "properties" : {
      "name" : "Sielawka",
      "icon" : "https://raw.githubusercontent.com/Concept211/Google-Maps-Markers/master/images/marker_gray.png",
      "season" : 11,
      "episode" : 8,
      "url" : "http://player.pl/programy-online/kuchenne-rewolucje-odcinki,114/odcinek-8,S11E08,50131.html"
    },
    "geometry" : {
      "type" : "Point",
      "coordinates" : [ 18.2955169, 54.3198511 ]
    }
  }, {
    "type" : "Feature",
    "properties" : {
      "name" : "Polskie ranczo",
      "icon" : "https://raw.githubusercontent.com/Concept211/Google-Maps-Markers/master/images/marker_gray.png",
      "season" : 11,
      "episode" : 7,
      "url" : "http://kuchennerewolucje.tvn.pl/odcinki-online,11/odcinek-7-sezon-11,50010,o.html"
    },
    "geometry" : {
      "type" : "Point",
      "coordinates" : [ 19.0563762, 49.9198758 ]
    }
  }, {
    "type" : "Feature",
    "properties" : {
      "name" : "Restauracja Młyn",
      "icon" : "https://raw.githubusercontent.com/Concept211/Google-Maps-Markers/master/images/marker_blue.png",
      "season" : 11,
      "episode" : 6,
      "url" : "http://player.pl/programy-online/kuchenne-rewolucje-odcinki,114/odcinek-6,S11E06,38120.html"
    },
    "geometry" : {
      "type" : "Point",
      "coordinates" : [ 17.4911383, 54.1658589 ]
    }
  }, {
    "type" : "Feature",
    "properties" : {
      "name" : "Stary browar",
      "icon" : "https://raw.githubusercontent.com/Concept211/Google-Maps-Markers/master/images/marker_gray.png",
      "season" : 11,
      "episode" : 5,
      "url" : "http://kuchennerewolucje.tvn.pl/odcinki-online,11/odcinek-5-sezon-11,38183,o.html",
      "homepage" : "https://browarsw.wixsite.com/browarswidnica?fbclid=IwAR02RZ0CUvZQdcxeQSjkjpZhRTbRVBKNPd99SY953h_1dz6WTK9VujEAHBw"
    },
    "geometry" : {
      "type" : "Point",
      "coordinates" : [ 16.5078383, 50.8368439 ]
    }
  }, {
    "type" : "Feature",
    "properties" : {
      "name" : "U' Bares",
      "icon" : "https://raw.githubusercontent.com/Concept211/Google-Maps-Markers/master/images/marker_gray.png",
      "season" : 11,
      "episode" : 4,
      "url" : "http://kuchennerewolucje.tvn.pl/odcinki-online,11/odcinek-4-sezon-11,37928,o.html"
    },
    "geometry" : {
      "type" : "Point",
      "coordinates" : [ 21.9817904, 50.0099344 ]
    }
  }, {
    "type" : "Feature",
    "properties" : {
      "name" : "Pod Złotym Aniołem",
      "icon" : "https://raw.githubusercontent.com/Concept211/Google-Maps-Markers/master/images/marker_gray.png",
      "season" : 11,
      "episode" : 3,
      "url" : "http://kuchennerewolucje.tvn.pl/odcinki-online,11/odcinek-3-sezon-11,37595,o.html",
      "homepage" : "http://podzlotymaniolem.pl/"
    },
    "geometry" : {
      "type" : "Point",
      "coordinates" : [ 15.565315, 51.263287 ]
    }
  }, {
    "type" : "Feature",
    "properties" : {
      "name" : "Cubanita",
      "icon" : "https://raw.githubusercontent.com/Concept211/Google-Maps-Markers/master/images/marker_gray.png",
      "season" : 11,
      "episode" : 1,
      "url" : "http://kuchennerewolucje.tvn.pl/odcinki-online,11/odcinek-1-sezon-11,36840,o.html"
    },
    "geometry" : {
      "type" : "Point",
      "coordinates" : [ 21.7503167, 50.6796553 ]
    }
  }, {
    "type" : "Feature",
    "properties" : {
      "name" : "Kolorowe Gary",
      "icon" : "https://raw.githubusercontent.com/Concept211/Google-Maps-Markers/master/images/marker_blue.png",
      "season" : 12,
      "episode" : 15,
      "url" : "http://player.pl/programy-online/kuchenne-rewolucje-odcinki,114/odcinek-15,rabien-el-fuego,S12E15,57230.html",
      "homepage" : "http://www.kolorowegary.pl/"
    },
    "geometry" : {
      "type" : "Point",
      "coordinates" : [ 19.3196113, 51.7898259 ]
    }
  }, {
    "type" : "Feature",
    "properties" : {
      "name" : "El Toro",
      "icon" : "https://raw.githubusercontent.com/Concept211/Google-Maps-Markers/master/images/marker_gray.png",
      "season" : 12,
      "episode" : 14,
      "url" : "http://player.pl/programy-online/kuchenne-rewolucje-odcinki,114/odcinek-14,lodz-el-toro,S12E14,53192.html",
      "homepage" : "https://www.facebook.com/eltorolodz/"
    },
    "geometry" : {
      "type" : "Point",
      "coordinates" : [ 19.4749467, 51.7721402 ]
    }
  }, {
    "type" : "Feature",
    "properties" : {
      "name" : "Restauracja Zajezdnia",
      "icon" : "https://raw.githubusercontent.com/Concept211/Google-Maps-Markers/master/images/marker_blue.png",
      "season" : 12,
      "episode" : 13,
      "url" : "http://player.pl/programy-online/kuchenne-rewolucje-odcinki,114/odcinek-13,zielonki-bistro-obora,S12E13,53191.html"
    },
    "geometry" : {
      "type" : "Point",
      "coordinates" : [ 20.8155476, 52.2520952 ]
    }
  }, {
    "type" : "Feature",
    "properties" : {
      "name" : "Gospoda",
      "icon" : "https://raw.githubusercontent.com/Concept211/Google-Maps-Markers/master/images/marker_blue.png",
      "season" : 12,
      "episode" : 12,
      "url" : "http://player.pl/programy-online/kuchenne-rewolucje-odcinki,114/odcinek-12,gubin-gospoda,S12E12,53190.html"
    },
    "geometry" : {
      "type" : "Point",
      "coordinates" : [ 14.744861, 51.951762 ]
    }
  }, {
    "type" : "Feature",
    "properties" : {
      "name" : "Nowy Relax",
      "icon" : "https://raw.githubusercontent.com/Concept211/Google-Maps-Markers/master/images/marker_blue.png",
      "season" : 12,
      "episode" : 11,
      "url" : "http://player.pl/programy-online/kuchenne-rewolucje-odcinki,114/odcinek-11,bielsko-biala-relax,S12E11,53189.html",
      "homepage" : "https://www.facebook.com/nowy.relax/"
    },
    "geometry" : {
      "type" : "Point",
      "coordinates" : [ 19.0334591, 49.8180448 ]
    }
  }, {
    "type" : "Feature",
    "properties" : {
      "name" : "Restauracja Dymarka",
      "icon" : "https://raw.githubusercontent.com/Concept211/Google-Maps-Markers/master/images/marker_gray.png",
      "season" : 12,
      "episode" : 10,
      "url" : "http://player.pl/programy-online/kuchenne-rewolucje-odcinki,114/odcinek-9,lancut-dymarka,S12E09,53187.html"
    },
    "geometry" : {
      "type" : "Point",
      "coordinates" : [ 22.2382125, 50.1364008 ]
    }
  }, {
    "type" : "Feature",
    "properties" : {
      "name" : "Sowa Nasza Kasza",
      "icon" : "https://raw.githubusercontent.com/Concept211/Google-Maps-Markers/master/images/marker_gray.png",
      "season" : 12,
      "episode" : 9,
      "url" : "http://player.pl/programy-online/kuchenne-rewolucje-odcinki,114/odcinek-8,sanok-berhida,S12E08,53186.html"
    },
    "geometry" : {
      "type" : "Point",
      "coordinates" : [ 22.2026834, 49.55975309999999 ]
    }
  }, {
    "type" : "Feature",
    "properties" : {
      "name" : "Krochmal",
      "icon" : "https://raw.githubusercontent.com/Concept211/Google-Maps-Markers/master/images/marker_blue.png",
      "season" : 12,
      "episode" : 8,
      "url" : "http://player.pl/programy-online/kuchenne-rewolucje-odcinki,114/odcinek-7,piotrkow-trybunalski-u-dunina,S12E07,53185.html"
    },
    "geometry" : {
      "type" : "Point",
      "coordinates" : [ 19.6957286, 51.4084655 ]
    }
  }, {
    "type" : "Feature",
    "properties" : {
      "name" : "Gusto",
      "icon" : "https://raw.githubusercontent.com/Concept211/Google-Maps-Markers/master/images/marker_blue.png",
      "season" : 12,
      "episode" : 7,
      "url" : "http://player.pl/programy-online/kuchenne-rewolucje-odcinki,114/odcinek-6,piaseczno-gusto,S12E06,53184.html",
      "homepage" : "http://restauracjagusto.pl"
    },
    "geometry" : {
      "type" : "Point",
      "coordinates" : [ 21.0238593, 52.099638 ]
    }
  }, {
    "type" : "Feature",
    "properties" : {
      "name" : "Owce i róża",
      "icon" : "https://raw.githubusercontent.com/Concept211/Google-Maps-Markers/master/images/marker_blue.png",
      "season" : 12,
      "episode" : 6,
      "url" : "http://player.pl/programy-online/kuchenne-rewolucje-odcinki,114/odcinek-5,brenna-karczma-gorecka,S12E05,53183.html",
      "homepage" : "https://pl-pl.facebook.com/owceiroza"
    },
    "geometry" : {
      "type" : "Point",
      "coordinates" : [ 18.79499, 49.8025359 ]
    }
  }, {
    "type" : "Feature",
    "properties" : {
      "name" : "Karczma górecka",
      "icon" : "https://raw.githubusercontent.com/Concept211/Google-Maps-Markers/master/images/marker_gray.png",
      "season" : 12,
      "episode" : 5,
      "url" : "http://kuchennerewolucje.tvn.pl/odcinki-online,12/odcinek-5,54809,o.html",
      "homepage" : "http://www.facebook.pl/owceiroza"
    },
    "geometry" : {
      "type" : "Point",
      "coordinates" : [ 18.8667221, 49.7561264 ]
    }
  }, {
    "type" : "Feature",
    "properties" : {
      "name" : "Charlie’s",
      "icon" : "https://raw.githubusercontent.com/Concept211/Google-Maps-Markers/master/images/marker_gray.png",
      "season" : 12,
      "episode" : 4,
      "url" : "http://kuchennerewolucje.tvn.pl/odcinki-online,12/odcinek-4,54615,o.html",
      "homepage" : "https://www.facebook.com/CharlieBarWarsaw/"
    },
    "geometry" : {
      "type" : "Point",
      "coordinates" : [ 21.0194034, 52.2225136 ]
    }
  }, {
    "type" : "Feature",
    "properties" : {
      "name" : "Good Father",
      "icon" : "https://raw.githubusercontent.com/Concept211/Google-Maps-Markers/master/images/marker_blue.png",
      "season" : 12,
      "episode" : 3,
      "url" : "http://kuchennerewolucje.tvn.pl/odcinki-online,12/odcinek-3,54309,o.html"
    },
    "geometry" : {
      "type" : "Point",
      "coordinates" : [ 19.0207761, 50.2655915 ]
    }
  }, {
    "type" : "Feature",
    "properties" : {
      "name" : "Tbilisi",
      "icon" : "https://raw.githubusercontent.com/Concept211/Google-Maps-Markers/master/images/marker_gray.png",
      "season" : 12,
      "episode" : 2,
      "url" : "http://kuchennerewolucje.tvn.pl/odcinki-online,12/odcinek-2,54123,o.html",
      "homepage" : "https://www.gruzinskapiekarniatiflisi.pl/"
    },
    "geometry" : {
      "type" : "Point",
      "coordinates" : [ 21.2130347, 52.1614423 ]
    }
  }, {
    "type" : "Feature",
    "properties" : {
      "name" : "Czardasz",
      "icon" : "https://raw.githubusercontent.com/Concept211/Google-Maps-Markers/master/images/marker_gray.png",
      "season" : 12,
      "episode" : 1,
      "url" : "http://kuchennerewolucje.tvn.pl/odcinki-online,12/odcinek-1,53994,o.html",
      "homepage" : "http://canisrestaurant.pl/"
    },
    "geometry" : {
      "type" : "Point",
      "coordinates" : [ 18.6508271, 54.3478892 ]
    }
  }, {
    "type" : "Feature",
    "properties" : {
      "name" : "PHÚC PHÚ",
      "icon" : "https://raw.githubusercontent.com/Concept211/Google-Maps-Markers/master/images/marker_blue.png",
      "season" : 13,
      "episode" : 14,
      "url" : "http://player.pl/programy-online/kuchenne-rewolucje-odcinki,114/odcinek-14,lubartow-ognisty-smok,S13E14,60229.html"
    },
    "geometry" : {
      "type" : "Point",
      "coordinates" : [ 22.6106823, 51.4536039 ]
    }
  }, {
    "type" : "Feature",
    "properties" : {
      "name" : "Papalina",
      "icon" : "https://raw.githubusercontent.com/Concept211/Google-Maps-Markers/master/images/marker_blue.png",
      "season" : 13,
      "episode" : 13,
      "url" : "http://player.pl/programy-online/kuchenne-rewolucje-odcinki,114/odcinek-13,warszawa-papalina,S13E13,60228.html"
    },
    "geometry" : {
      "type" : "Point",
      "coordinates" : [ 21.0500252, 52.1464371 ]
    }
  }, {
    "type" : "Feature",
    "properties" : {
      "name" : "Wyszynk z szynką",
      "icon" : "https://raw.githubusercontent.com/Concept211/Google-Maps-Markers/master/images/marker_blue.png",
      "season" : 13,
      "episode" : 12,
      "url" : "http://player.pl/programy-online/kuchenne-rewolucje-odcinki,114/odcinek-12,kielce-jadlodajnia-bartosz,S13E12,60227.html"
    },
    "geometry" : {
      "type" : "Point",
      "coordinates" : [ 20.6351286, 50.8674762 ]
    }
  }, {
    "type" : "Feature",
    "properties" : {
      "name" : "Oberża Żar",
      "icon" : "https://raw.githubusercontent.com/Concept211/Google-Maps-Markers/master/images/marker_gray.png",
      "season" : 13,
      "episode" : 11,
      "url" : "http://player.pl/programy-online/kuchenne-rewolucje-odcinki,114/odcinek-11,dabrowa-gornicza-juran,S13E11,60226.html"
    },
    "geometry" : {
      "type" : "Point",
      "coordinates" : [ 19.2120822, 50.31712 ]
    }
  }, {
    "type" : "Feature",
    "properties" : {
      "name" : "Pod Gołąbkiem",
      "icon" : "https://raw.githubusercontent.com/Concept211/Google-Maps-Markers/master/images/marker_blue.png",
      "season" : 13,
      "episode" : 10,
      "url" : "http://player.pl/programy-online/kuchenne-rewolucje-odcinki,114/odcinek-10,rzeszow-pablo-picasso,S13E10,60225.html"
    },
    "geometry" : {
      "type" : "Point",
      "coordinates" : [ 22.0086499, 50.0420435 ]
    }
  }, {
    "type" : "Feature",
    "properties" : {
      "name" : "Karczma Sidło",
      "icon" : "https://raw.githubusercontent.com/Concept211/Google-Maps-Markers/master/images/marker_blue.png",
      "season" : 13,
      "episode" : 9,
      "url" : "http://player.pl/programy-online/kuchenne-rewolucje-odcinki,114/odcinek-9,zukowo-karczma-sidlo,S13E09,60224.html"
    },
    "geometry" : {
      "type" : "Point",
      "coordinates" : [ 18.3529562, 54.3408539 ]
    }
  }, {
    "type" : "Feature",
    "properties" : {
      "name" : "Restauracja Zapiekane",
      "icon" : "https://raw.githubusercontent.com/Concept211/Google-Maps-Markers/master/images/marker_blue.png",
      "season" : 13,
      "episode" : 8,
      "url" : "http://player.pl/programy-online/kuchenne-rewolucje-odcinki,114/odcinek-8,brzeziny-pizzeria-kwadrans,S13E08,60223.html"
    },
    "geometry" : {
      "type" : "Point",
      "coordinates" : [ 19.755555, 51.803318 ]
    }
  }, {
    "type" : "Feature",
    "properties" : {
      "name" : "Abażur",
      "icon" : "https://raw.githubusercontent.com/Concept211/Google-Maps-Markers/master/images/marker_gray.png",
      "season" : 13,
      "episode" : 7,
      "url" : "http://player.pl/programy-online/kuchenne-rewolucje-odcinki,114/odcinek-7,warszawa-salon-kulinarny,S13E07,60222.html"
    },
    "geometry" : {
      "type" : "Point",
      "coordinates" : [ 19.755555, 51.803318 ]
    }
  }, {
    "type" : "Feature",
    "properties" : {
      "name" : "Grande Cozze",
      "icon" : "https://raw.githubusercontent.com/Concept211/Google-Maps-Markers/master/images/marker_gray.png",
      "season" : 13,
      "episode" : 6,
      "url" : "http://player.pl/programy-online/kuchenne-rewolucje-odcinki,114/odcinek-7,warszawa-salon-kulinarny,S13E07,60222.html",
      "homepage" : "http://lamore-ristorante.pl/"
    },
    "geometry" : {
      "type" : "Point",
      "coordinates" : [ 20.6214082, 50.86970549999999 ]
    }
  }, {
    "type" : "Feature",
    "properties" : {
      "name" : "Zawijane Bistro",
      "icon" : "https://raw.githubusercontent.com/Concept211/Google-Maps-Markers/master/images/marker_blue.png",
      "season" : 13,
      "episode" : 5,
      "url" : "http://player.pl/programy-online/kuchenne-rewolucje-odcinki,114/odcinek-5,pruszcz-gdanski-kaskada-smaku,S13E05,58829.html",
      "homepage" : "http://zawijanebistro.jimdo.com/"
    },
    "geometry" : {
      "type" : "Point",
      "coordinates" : [ 18.6275177, 54.26926419999999 ]
    }
  }, {
    "type" : "Feature",
    "properties" : {
      "name" : "Zawijane Bistro",
      "icon" : "https://raw.githubusercontent.com/Concept211/Google-Maps-Markers/master/images/marker_blue.png",
      "season" : 13,
      "episode" : 4,
      "url" : "http://player.pl/programy-online/kuchenne-rewolucje-odcinki,114/odcinek-4,komorow-karczma-u-wiencka,S13E04,58828.html"
    },
    "geometry" : {
      "type" : "Point",
      "coordinates" : [ 20.8110906, 52.148093 ]
    }
  }, {
    "type" : "Feature",
    "properties" : {
      "name" : "Aramia",
      "icon" : "https://raw.githubusercontent.com/Concept211/Google-Maps-Markers/master/images/marker_blue.png",
      "season" : 13,
      "episode" : 3,
      "url" : "http://player.pl/programy-online/kuchenne-rewolucje-odcinki,114/odcinek-3,szczecin-aramia,S13E03,58827.html"
    },
    "geometry" : {
      "type" : "Point",
      "coordinates" : [ 14.4881116, 53.4532323 ]
    }
  }, {
    "type" : "Feature",
    "properties" : {
      "name" : "Zwyczajna",
      "icon" : "https://raw.githubusercontent.com/Concept211/Google-Maps-Markers/master/images/marker_blue.png",
      "season" : 13,
      "episode" : 2,
      "url" : "http://player.pl/programy-online/kuchenne-rewolucje-odcinki,114/odcinek-2,minsk-mazowiecki-mazowianka,S13E02,58752.html"
    },
    "geometry" : {
      "type" : "Point",
      "coordinates" : [ 21.5620788, 52.1778446 ]
    }
  }, {
    "type" : "Feature",
    "properties" : {
      "name" : "Garden Bar",
      "icon" : "https://raw.githubusercontent.com/Concept211/Google-Maps-Markers/master/images/marker_blue.png",
      "season" : 13,
      "episode" : 1,
      "url" : "http://player.pl/programy-online/kuchenne-rewolucje-odcinki,114/odcinek-1,knyszyn-bar-u-marka,S13E01,58751.html"
    },
    "geometry" : {
      "type" : "Point",
      "coordinates" : [ 22.9124354, 53.3163505 ]
    }
  }, {
    "type" : "Feature",
    "properties" : {
      "name" : "Karczma Zamczyko",
      "icon" : "https://raw.githubusercontent.com/Concept211/Google-Maps-Markers/master/images/marker_blue.png",
      "season" : 14,
      "episode" : 15,
      "url" : "http://player.pl/programy-online/kuchenne-rewolucje-odcinki,114/odcinek-15,malbork-karczma-zamczysko,S14E15,65006.html"
    },
    "geometry" : {
      "type" : "Point",
      "coordinates" : [ 19.0252519, 54.0463944 ]
    }
  }, {
    "type" : "Feature",
    "properties" : {
      "name" : "Cykada",
      "icon" : "https://raw.githubusercontent.com/Concept211/Google-Maps-Markers/master/images/marker_blue.png",
      "season" : 14,
      "episode" : 14,
      "url" : "http://player.pl/programy-online/kuchenne-rewolucje-odcinki,114/odcinek-14,chlastawa-karczma-cykada,S14E14,65005.html"
    },
    "geometry" : {
      "type" : "Point",
      "coordinates" : [ 15.8347947, 52.2448141 ]
    }
  }, {
    "type" : "Feature",
    "properties" : {
      "name" : "Chata po zbóju",
      "icon" : "https://raw.githubusercontent.com/Concept211/Google-Maps-Markers/master/images/marker_blue.png",
      "season" : 14,
      "episode" : 13,
      "url" : "http://player.pl/programy-online/kuchenne-rewolucje-odcinki,114/odcinek-13,bakow-chata-po-zboju,S14E13,65004.html"
    },
    "geometry" : {
      "type" : "Point",
      "coordinates" : [ 18.7374628, 49.90393599999999 ]
    }
  }, {
    "type" : "Feature",
    "properties" : {
      "name" : "Trzy smaki",
      "icon" : "https://raw.githubusercontent.com/Concept211/Google-Maps-Markers/master/images/marker_blue.png",
      "season" : 14,
      "episode" : 12,
      "url" : "http://player.pl/programy-online/kuchenne-rewolucje-odcinki,114/odcinek-12,czeladz-trzy-smaki,S14E12,65003.html"
    },
    "geometry" : {
      "type" : "Point",
      "coordinates" : [ 19.103994, 50.3095205 ]
    }
  }, {
    "type" : "Feature",
    "properties" : {
      "name" : "Twoja Kolejka",
      "icon" : "https://raw.githubusercontent.com/Concept211/Google-Maps-Markers/master/images/marker_blue.png",
      "season" : 14,
      "episode" : 11,
      "url" : "http://kuchennerewolucje.tvn.pl/odcinki-online,14/odcinek-11,67742,o.html"
    },
    "geometry" : {
      "type" : "Point",
      "coordinates" : [ 19.1490951, 49.7199879 ]
    }
  }, {
    "type" : "Feature",
    "properties" : {
      "name" : "Gęś na Jaśku",
      "icon" : "https://raw.githubusercontent.com/Concept211/Google-Maps-Markers/master/images/marker_blue.png",
      "season" : 14,
      "episode" : 10,
      "url" : "http://kuchennerewolucje.tvn.pl/odcinki-online,14/odcinek-10,67485,o.html",
      "homepage" : "http://gesnajasku.pl"
    },
    "geometry" : {
      "type" : "Point",
      "coordinates" : [ 15.284276, 51.0492212 ]
    }
  }, {
    "type" : "Feature",
    "properties" : {
      "name" : "Przystanek Wrocek",
      "icon" : "https://raw.githubusercontent.com/Concept211/Google-Maps-Markers/master/images/marker_blue.png",
      "season" : 14,
      "episode" : 9,
      "url" : "http://kuchennerewolucje.tvn.pl/odcinki-online,14/odcinek-9,67314,o.html",
      "homepage" : "http://askonkret.pl"
    },
    "geometry" : {
      "type" : "Point",
      "coordinates" : [ 17.053396, 51.103383 ]
    }
  }, {
    "type" : "Feature",
    "properties" : {
      "name" : "Bistro La Rosa",
      "icon" : "https://raw.githubusercontent.com/Concept211/Google-Maps-Markers/master/images/marker_blue.png",
      "season" : 14,
      "episode" : 8,
      "url" : "http://kuchennerewolucje.tvn.pl/odcinki-online,14/odcinek-8,67206,o.html",
      "homepage" : "https://www.facebook.com/BistrolaRosa/"
    },
    "geometry" : {
      "type" : "Point",
      "coordinates" : [ 19.449115, 51.81573600000001 ]
    }
  }, {
    "type" : "Feature",
    "properties" : {
      "name" : "Restauracja Prawdziwa Knajpka",
      "icon" : "https://raw.githubusercontent.com/Concept211/Google-Maps-Markers/master/images/marker_blue.png",
      "season" : 14,
      "episode" : 7,
      "url" : "http://kuchennerewolucje.tvn.pl/odcinki-online,14/odcinek-7,67172,o.html",
      "homepage" : "http://prawdziwaknajpka.pl"
    },
    "geometry" : {
      "type" : "Point",
      "coordinates" : [ 16.1759004, 52.4523198 ]
    }
  }, {
    "type" : "Feature",
    "properties" : {
      "name" : "Blue Moon",
      "icon" : "https://raw.githubusercontent.com/Concept211/Google-Maps-Markers/master/images/marker_gray.png",
      "season" : 14,
      "episode" : 6,
      "url" : "http://kuchennerewolucje.tvn.pl/odcinki-online,14/odcinek-6,66890,o.html"
    },
    "geometry" : {
      "type" : "Point",
      "coordinates" : [ 16.486728, 53.266591 ]
    }
  }, {
    "type" : "Feature",
    "properties" : {
      "name" : "Cynamon",
      "icon" : "https://raw.githubusercontent.com/Concept211/Google-Maps-Markers/master/images/marker_blue.png",
      "season" : 14,
      "episode" : 5,
      "url" : "http://kuchennerewolucje.tvn.pl/odcinki-online,14/odcinek-5,66627,o.html"
    },
    "geometry" : {
      "type" : "Point",
      "coordinates" : [ 20.3543154, 52.5931557 ]
    }
  }, {
    "type" : "Feature",
    "properties" : {
      "name" : "Karczma Dzika Chata",
      "icon" : "https://raw.githubusercontent.com/Concept211/Google-Maps-Markers/master/images/marker_blue.png",
      "season" : 14,
      "episode" : 4,
      "url" : "http://kuchennerewolucje.tvn.pl/odcinki-online,14/odcinek-4,66499,o.html",
      "homepage" : "http://dzikachata.com"
    },
    "geometry" : {
      "type" : "Point",
      "coordinates" : [ 19.5605844, 49.6613737 ]
    }
  }, {
    "type" : "Feature",
    "properties" : {
      "name" : "Montenegro",
      "icon" : "https://raw.githubusercontent.com/Concept211/Google-Maps-Markers/master/images/marker_blue.png",
      "season" : 14,
      "episode" : 3,
      "url" : "http://kuchennerewolucje.tvn.pl/odcinki-online,14/odcinek-3,66342,o.html",
      "homepage" : "http://montenegro.lodz.pl"
    },
    "geometry" : {
      "type" : "Point",
      "coordinates" : [ 19.4518324, 51.7669203 ]
    }
  }, {
    "type" : "Feature",
    "properties" : {
      "name" : "Szalotka",
      "icon" : "https://raw.githubusercontent.com/Concept211/Google-Maps-Markers/master/images/marker_blue.png",
      "season" : 14,
      "episode" : 2,
      "url" : "http://kuchennerewolucje.tvn.pl/odcinki-online,14/odcinek-2,66178,o.html"
    },
    "geometry" : {
      "type" : "Point",
      "coordinates" : [ 15.0533489, 51.1590994 ]
    }
  }, {
    "type" : "Feature",
    "properties" : {
      "name" : "Nie bo Mleczne",
      "icon" : "https://raw.githubusercontent.com/Concept211/Google-Maps-Markers/master/images/marker_blue.png",
      "season" : 14,
      "episode" : 1,
      "url" : "http://kuchennerewolucje.tvn.pl/odcinki-online,14/odcinek-1,65953,o.html",
      "homepage" : "http://piekielna-kuchnia.blogspot.com"
    },
    "geometry" : {
      "type" : "Point",
      "coordinates" : [ 16.2843893, 50.7653188 ]
    }
  }, {
    "type" : "Feature",
    "properties" : {
      "name" : "Francuska Bajadera",
      "icon" : "https://raw.githubusercontent.com/Concept211/Google-Maps-Markers/master/images/marker_gray.png",
      "season" : 15,
      "episode" : 1,
      "url" : "http://player.pl/programy-online/kuchenne-rewolucje-odcinki,114/odcinek-1,czeladz-lawendowy-dom,S15E01,69813.html",
      "homepage" : "http://piekielna-kuchnia.blogspot.com"
    },
    "geometry" : {
      "type" : "Point",
      "coordinates" : [ 19.073962, 50.3187084 ]
    }
  }, {
    "type" : "Feature",
    "properties" : {
      "name" : "Pizzeria Solare",
      "icon" : "https://raw.githubusercontent.com/Concept211/Google-Maps-Markers/master/images/marker_gray.png",
      "season" : 15,
      "episode" : 2,
      "url" : "http://player.pl/programy-online/kuchenne-rewolucje-odcinki,114/odcinek-2,biala-podlaska-pizzeria-solare,S15E02,69815.html",
      "homepage" : "http://pizzeriasolare.pl"
    },
    "geometry" : {
      "type" : "Point",
      "coordinates" : [ 23.1204522, 52.0326696 ]
    }
  }, {
    "type" : "Feature",
    "properties" : {
      "name" : "Zajazd w Strażnicy",
      "icon" : "https://raw.githubusercontent.com/Concept211/Google-Maps-Markers/master/images/marker_blue.png",
      "season" : 15,
      "episode" : 3,
      "url" : "http://player.pl/programy-online/kuchenne-rewolucje-odcinki,114/odcinek-3,ujsoly-zajazd-w-straznicy,S15E03,69816.html"
    },
    "geometry" : {
      "type" : "Point",
      "coordinates" : [ 19.1393282, 49.48218790000001 ]
    }
  }, {
    "type" : "Feature",
    "properties" : {
      "name" : "Szafran",
      "icon" : "https://raw.githubusercontent.com/Concept211/Google-Maps-Markers/master/images/marker_blue.png",
      "season" : 15,
      "episode" : 4,
      "url" : "http://player.pl/programy-online/kuchenne-rewolucje-odcinki,114/odcinek-4,lodz-szafran,S15E04,69817.html",
      "homepage" : "http://www.saffron.com.pl/"
    },
    "geometry" : {
      "type" : "Point",
      "coordinates" : [ 19.4325477, 51.7364082 ]
    }
  }, {
    "type" : "Feature",
    "properties" : {
      "name" : "Restauracja Rodzinna",
      "icon" : "https://raw.githubusercontent.com/Concept211/Google-Maps-Markers/master/images/marker_gray.png",
      "season" : 15,
      "episode" : 5,
      "url" : "http://player.pl/programy-online/kuchenne-rewolucje-odcinki,114/odcinek-5,lubin-restauracja-rodzinna,S15E05,69818.html"
    },
    "geometry" : {
      "type" : "Point",
      "coordinates" : [ 16.2012804, 51.3946698 ]
    }
  }, {
    "type" : "Feature",
    "properties" : {
      "name" : "Italian House",
      "icon" : "https://raw.githubusercontent.com/Concept211/Google-Maps-Markers/master/images/marker_gray.png",
      "season" : 15,
      "episode" : 6,
      "url" : "http://player.pl/programy-online/kuchenne-rewolucje-odcinki,114/odcinek-6,torun-italian-house,S15E06,69819.html",
      "homepage" : "http://italianhousetorun.pl"
    },
    "geometry" : {
      "type" : "Point",
      "coordinates" : [ 18.6070679, 53.009663 ]
    }
  }, {
    "type" : "Feature",
    "properties" : {
      "name" : "Przedzamcze",
      "icon" : "https://raw.githubusercontent.com/Concept211/Google-Maps-Markers/master/images/marker_blue.png",
      "season" : 15,
      "episode" : 7,
      "url" : "http://player.pl/programy-online/kuchenne-rewolucje-odcinki,114/odcinek-7,sztum-restauracja-przedzamcze,S15E07,69820.html"
    },
    "geometry" : {
      "type" : "Point",
      "coordinates" : [ 19.0432858, 53.91529370000001 ]
    }
  }, {
    "type" : "Feature",
    "properties" : {
      "name" : "Zajazd u Stefana",
      "icon" : "https://raw.githubusercontent.com/Concept211/Google-Maps-Markers/master/images/marker_gray.png",
      "season" : 15,
      "episode" : 8,
      "url" : "http://player.pl/programy-online/kuchenne-rewolucje-odcinki,114/odcinek-8,odolanow-zajazd-u-stefana,S15E08,69821.html",
      "homepage" : "http://karpiowka-milicz.pl/"
    },
    "geometry" : {
      "type" : "Point",
      "coordinates" : [ 17.3613857, 51.5663277 ]
    }
  }, {
    "type" : "Feature",
    "properties" : {
      "name" : "Na Skarpie",
      "icon" : "https://raw.githubusercontent.com/Concept211/Google-Maps-Markers/master/images/marker_gray.png",
      "season" : 15,
      "episode" : 9,
      "url" : "https://player.pl/programy-online/kuchenne-rewolucje-odcinki,114/odcinek-9,radziejow-na-skarpie,S15E09,69822.html",
      "homepage" : "https://m.facebook.com/pages/category/Restaurant/Restauracja-Demiglas-256141648434600/?locale2=pl_PL"
    },
    "geometry" : {
      "type" : "Point",
      "coordinates" : [ 18.5190477, 52.62089530000001 ]
    }
  }, {
    "type" : "Feature",
    "properties" : {
      "name" : "Rammer Jammer",
      "icon" : "https://raw.githubusercontent.com/Concept211/Google-Maps-Markers/master/images/marker_blue.png",
      "season" : 15,
      "episode" : 10,
      "url" : "https://player.pl/programy-online/kuchenne-rewolucje-odcinki,114/odcinek-10,glogowek-rammer-jammer,S15E10,69823.html",
      "homepage" : "https://pomorska.pl/gar-na-gazie-restauracja-ktora-przeszla-kuchenne-rewolucje-magdy-gessler-zmiany-opinie-menu/ar/13317060"
    },
    "geometry" : {
      "type" : "Point",
      "coordinates" : [ 17.8729126, 50.3578743 ]
    }
  }, {
    "type" : "Feature",
    "properties" : {
      "name" : "Bar na Stawkach",
      "icon" : "https://raw.githubusercontent.com/Concept211/Google-Maps-Markers/master/images/marker_gray.png",
      "season" : 15,
      "episode" : 11,
      "url" : "https://player.pl/programy-online/kuchenne-rewolucje-odcinki,114/odcinek-11,ostrowiec-swietokrzyski-bar-na-stawkach,S15E11,69824.html",
      "homepage" : "https://pl-pl.facebook.com/GospodaJagoda/"
    },
    "geometry" : {
      "type" : "Point",
      "coordinates" : [ 21.4071966, 50.94981 ]
    }
  }, {
    "type" : "Feature",
    "properties" : {
      "name" : "Lizawka",
      "icon" : "https://raw.githubusercontent.com/Concept211/Google-Maps-Markers/master/images/marker_gray.png",
      "season" : 15,
      "episode" : 12,
      "url" : "https://player.pl/programy-online/kuchenne-rewolucje-odcinki,114/odcinek-12,poznan-lizawka,S15E12,69825.html",
      "homepage" : "https://restauracjalizawka.pl/"
    },
    "geometry" : {
      "type" : "Point",
      "coordinates" : [ 17.0222357, 52.42036359999999 ]
    }
  }, {
    "type" : "Feature",
    "properties" : {
      "name" : "Bajkowa",
      "icon" : "https://raw.githubusercontent.com/Concept211/Google-Maps-Markers/master/images/marker_gray.png",
      "season" : 15,
      "episode" : 13,
      "url" : "https://player.pl/programy-online/kuchenne-rewolucje-odcinki,114/odcinek-13,swarzedz-bajkowa,S15E13,69826.html"
    },
    "geometry" : {
      "type" : "Point",
      "coordinates" : [ 17.1060898, 52.4313165 ]
    }
  }, {
    "type" : "Feature",
    "properties" : {
      "name" : "Fang Youn",
      "icon" : "https://raw.githubusercontent.com/Concept211/Google-Maps-Markers/master/images/marker_gray.png",
      "season" : 15,
      "episode" : 14,
      "url" : "https://player.pl/programy-online/kuchenne-rewolucje-odcinki,114/odcinek-14,ostroda-fang-youn,S15E14,69827.html",
      "homepage" : "https://www.facebook.com/share/16qwmXeep2/?mibextid=wwXIfr"
    },
    "geometry" : {
      "type" : "Point",
      "coordinates" : [ 19.9604005, 53.6990513 ]
    }
  }, {
    "type" : "Feature",
    "properties" : {
      "name" : "Sale & Pepe",
      "icon" : "https://raw.githubusercontent.com/Concept211/Google-Maps-Markers/master/images/marker_gray.png",
      "season" : 16,
      "episode" : 1,
      "url" : "https://player.pl/programy-online/kuchenne-rewolucje-odcinki,114/odcinek-1,sosnowiec-pizzeria-sale-pepe,S16E01,79296.html",
      "homepage" : "https://ilpino.pl/"
    },
    "geometry" : {
      "type" : "Point",
      "coordinates" : [ 19.1089088, 50.2821301 ]
    }
  }, {
    "type" : "Feature",
    "properties" : {
      "name" : "Ślonsko gościno",
      "icon" : "https://raw.githubusercontent.com/Concept211/Google-Maps-Markers/master/images/marker_gray.png",
      "season" : 16,
      "episode" : 2,
      "url" : "https://player.pl/programy-online/kuchenne-rewolucje-odcinki,114/odcinek-2,tarnowskie-gory-slonsko-goscino,S16E02,79297.html"
    },
    "geometry" : {
      "type" : "Point",
      "coordinates" : [ 18.8232939, 50.4151023 ]
    }
  }, {
    "type" : "Feature",
    "properties" : {
      "name" : "Utarte",
      "icon" : "https://raw.githubusercontent.com/Concept211/Google-Maps-Markers/master/images/marker_gray.png",
      "season" : 16,
      "episode" : 3,
      "url" : "https://player.pl/programy-online/kuchenne-rewolucje-odcinki,114/odcinek-3,S16E03,79298",
      "homepage" : "https://www.facebook.com/Pho-You-Kuchnia-Azjatycka-106893942022326/"
    },
    "geometry" : {
      "type" : "Point",
      "coordinates" : [ 19.4028596, 50.1425832 ]
    }
  }, {
    "type" : "Feature",
    "properties" : {
      "name" : "Pirat",
      "icon" : "https://raw.githubusercontent.com/Concept211/Google-Maps-Markers/master/images/marker_gray.png",
      "season" : 16,
      "episode" : 5,
      "url" : "https://player.pl/programy-online/kuchenne-rewolucje-odcinki,114/odcinek-5,S16E05,79300",
      "homepage" : "http://www.hotelpirat.com.pl/"
    },
    "geometry" : {
      "type" : "Point",
      "coordinates" : [ 20.4258842, 53.7979526 ]
    }
  }, {
    "type" : "Feature",
    "properties" : {
      "name" : "Magiliana",
      "icon" : "https://raw.githubusercontent.com/Concept211/Google-Maps-Markers/master/images/marker_gray.png",
      "season" : 16,
      "episode" : 6,
      "url" : "https://player.pl/programy-online/kuchenne-rewolucje-odcinki,114/odcinek-6,S16E06,79301",
      "homepage" : "https://www.facebook.com/PIZZERIAMAGILIANA/"
    },
    "geometry" : {
      "type" : "Point",
      "coordinates" : [ 19.1975023, 50.30082489999999 ]
    }
  }, {
    "type" : "Feature",
    "properties" : {
      "name" : "La Papillon Noir",
      "icon" : "https://raw.githubusercontent.com/Concept211/Google-Maps-Markers/master/images/marker_gray.png",
      "season" : 16,
      "episode" : 7,
      "url" : "https://player.pl/programy-online/kuchenne-rewolucje-odcinki,114/odcinek-7,S16E07,79302",
      "homepage" : "https://cafenoir.pl/"
    },
    "geometry" : {
      "type" : "Point",
      "coordinates" : [ 19.0230333, 50.2582884 ]
    }
  }, {
    "type" : "Feature",
    "properties" : {
      "name" : "Retka",
      "icon" : "https://raw.githubusercontent.com/Concept211/Google-Maps-Markers/master/images/marker_gray.png",
      "season" : 16,
      "episode" : 8,
      "url" : "https://player.pl/programy-online/kuchenne-rewolucje-odcinki,114/odcinek-8,S16E08,79303"
    },
    "geometry" : {
      "type" : "Point",
      "coordinates" : [ 19.4013219, 51.7402525 ]
    }
  }, {
    "type" : "Feature",
    "properties" : {
      "name" : "Pizzeria Vicenti",
      "icon" : "https://raw.githubusercontent.com/Concept211/Google-Maps-Markers/master/images/marker_gray.png",
      "season" : 16,
      "episode" : 9,
      "url" : "https://player.pl/programy-online/kuchenne-rewolucje-odcinki,114/odcinek-9,S16E09,79304",
      "homepage" : "http://www.pizzeria-k2.pl/"
    },
    "geometry" : {
      "type" : "Point",
      "coordinates" : [ 22.5675639, 51.2514599 ]
    }
  }, {
    "type" : "Feature",
    "properties" : {
      "name" : "Niebo w gębie i na talerzu",
      "icon" : "https://raw.githubusercontent.com/Concept211/Google-Maps-Markers/master/images/marker_gray.png",
      "season" : 16,
      "episode" : 10,
      "url" : "https://player.pl/programy-online/kuchenne-rewolucje-odcinki,114/odcinek-10,S16E10,79305",
      "homepage" : "https://m.facebook.com/NIEBO-w-g%C4%99bie-1225082914222720/"
    },
    "geometry" : {
      "type" : "Point",
      "coordinates" : [ 18.7084618, 51.591759 ]
    }
  }, {
    "type" : "Feature",
    "properties" : {
      "name" : "Quatro",
      "icon" : "https://raw.githubusercontent.com/Concept211/Google-Maps-Markers/master/images/marker_gray.png",
      "season" : 16,
      "episode" : 11,
      "url" : "https://player.pl/programy-online/kuchenne-rewolucje-odcinki,114/odcinek-11,S16E11,79306",
      "homepage" : "http://www.ziemiabranska.com/"
    },
    "geometry" : {
      "type" : "Point",
      "coordinates" : [ 22.8377865, 52.7416802 ]
    }
  }, {
    "type" : "Feature",
    "properties" : {
      "name" : "Kanion",
      "icon" : "https://raw.githubusercontent.com/Concept211/Google-Maps-Markers/master/images/marker_gray.png",
      "season" : 16,
      "episode" : 12,
      "url" : "https://player.pl/programy-online/kuchenne-rewolucje-odcinki,114/odcinek-12,S16E12,79307",
      "homepage" : "http://pensjonatkanion.pl/"
    },
    "geometry" : {
      "type" : "Point",
      "coordinates" : [ 15.5257295, 50.8248159 ]
    }
  }, {
    "type" : "Feature",
    "properties" : {
      "name" : "Esencja i smak",
      "icon" : "https://raw.githubusercontent.com/Concept211/Google-Maps-Markers/master/images/marker_gray.png",
      "season" : 16,
      "episode" : 13,
      "url" : "https://player.pl/programy-online/kuchenne-rewolucje-odcinki,114/odcinek-13,S16E13,79308"
    },
    "geometry" : {
      "type" : "Point",
      "coordinates" : [ 18.4024299, 50.0386999 ]
    }
  }, {
    "type" : "Feature",
    "properties" : {
      "name" : "Granola",
      "icon" : "https://raw.githubusercontent.com/Concept211/Google-Maps-Markers/master/images/marker_blue.png",
      "season" : 17,
      "episode" : 1,
      "url" : "https://player.pl/programy-online/kuchenne-rewolucje-odcinki,114/odcinek-1,S17E01,95155"
    },
    "geometry" : {
      "type" : "Point",
      "coordinates" : [ 18.5357527, 54.5206125 ]
    }
  }, {
    "type" : "Feature",
    "properties" : {
      "name" : "Cuda Wianki",
      "icon" : "https://raw.githubusercontent.com/Concept211/Google-Maps-Markers/master/images/marker_gray.png",
      "season" : 17,
      "episode" : 2,
      "url" : "https://player.pl/programy-online/kuchenne-rewolucje-odcinki,114/odcinek-2,S17E02,95156",
      "homepage" : "https://www.facebook.com/CudaWiankiPrzemysl/?locale=pl_PL"
    },
    "geometry" : {
      "type" : "Point",
      "coordinates" : [ 22.7699101, 49.78254399999999 ]
    }
  }, {
    "type" : "Feature",
    "properties" : {
      "name" : "Biała Karczma",
      "icon" : "https://raw.githubusercontent.com/Concept211/Google-Maps-Markers/master/images/marker_blue.png",
      "season" : 17,
      "episode" : 3,
      "url" : "https://player.pl/programy-online/kuchenne-rewolucje-odcinki,114/odcinek-3,S17E03,95157"
    },
    "geometry" : {
      "type" : "Point",
      "coordinates" : [ 16.7663754, 53.0406863 ]
    }
  }, {
    "type" : "Feature",
    "properties" : {
      "name" : "Sielsko Anielsko",
      "icon" : "https://raw.githubusercontent.com/Concept211/Google-Maps-Markers/master/images/marker_gray.png",
      "season" : 17,
      "episode" : 4,
      "url" : "https://player.pl/programy-online/kuchenne-rewolucje-odcinki,114/odcinek-4,S17E04,95158",
      "homepage" : "https://www.sielskoanielsko.pl/"
    },
    "geometry" : {
      "type" : "Point",
      "coordinates" : [ 22.5676194, 51.24754369999999 ]
    }
  }, {
    "type" : "Feature",
    "properties" : {
      "name" : "Czerwony Kapturek",
      "icon" : "https://raw.githubusercontent.com/Concept211/Google-Maps-Markers/master/images/marker_gray.png",
      "season" : 17,
      "episode" : 5,
      "url" : "https://player.pl/programy-online/kuchenne-rewolucje-odcinki,114/odcinek-5,S17E05,95159",
      "homepage" : "http://czerwony-kapturek.pl/"
    },
    "geometry" : {
      "type" : "Point",
      "coordinates" : [ 16.8263804, 52.4402075 ]
    }
  }, {
    "type" : "Feature",
    "properties" : {
      "name" : "Marysieńka",
      "icon" : "https://raw.githubusercontent.com/Concept211/Google-Maps-Markers/master/images/marker_gray.png",
      "season" : 17,
      "episode" : 6,
      "url" : "https://player.pl/programy-online/kuchenne-rewolucje-odcinki,114/odcinek-6,S17E06,95160"
    },
    "geometry" : {
      "type" : "Point",
      "coordinates" : [ 19.1837725, 50.0552506 ]
    }
  }, {
    "type" : "Feature",
    "properties" : {
      "name" : "Kwadratowy Talerz",
      "icon" : "https://raw.githubusercontent.com/Concept211/Google-Maps-Markers/master/images/marker_gray.png",
      "season" : 17,
      "episode" : 7,
      "url" : "https://player.pl/programy-online/kuchenne-rewolucje-odcinki,114/odcinek-7,S17E07,95161"
    },
    "geometry" : {
      "type" : "Point",
      "coordinates" : [ 17.0541846, 51.1031443 ]
    }
  }, {
    "type" : "Feature",
    "properties" : {
      "name" : "Helios",
      "icon" : "https://raw.githubusercontent.com/Concept211/Google-Maps-Markers/master/images/marker_gray.png",
      "season" : 17,
      "episode" : 8,
      "url" : "https://player.pl/programy-online/kuchenne-rewolucje-odcinki,114/odcinek-8,S17E08,95162",
      "homepage" : "https://www.helios.pl/64,Zory/StronaGlowna/"
    },
    "geometry" : {
      "type" : "Point",
      "coordinates" : [ 18.7033991, 50.0452548 ]
    }
  }, {
    "type" : "Feature",
    "properties" : {
      "name" : "Ibis",
      "icon" : "https://raw.githubusercontent.com/Concept211/Google-Maps-Markers/master/images/marker_gray.png",
      "season" : 17,
      "episode" : 9,
      "url" : "https://player.pl/programy-online/kuchenne-rewolucje-odcinki,114/odcinek-9,S17E09,95163",
      "homepage" : "http://m.facebook.com/kaczkizawoda/"
    },
    "geometry" : {
      "type" : "Point",
      "coordinates" : [ 18.5007234, 51.7886152 ]
    }
  }, {
    "type" : "Feature",
    "properties" : {
      "name" : "Famiglia per Amici",
      "icon" : "https://raw.githubusercontent.com/Concept211/Google-Maps-Markers/master/images/marker_gray.png",
      "season" : 17,
      "episode" : 10,
      "url" : "https://player.pl/programy-online/kuchenne-rewolucje-odcinki,114/odcinek-10,S17E10,95164",
      "homepage" : "https://www.trattoria-lodz.pl/"
    },
    "geometry" : {
      "type" : "Point",
      "coordinates" : [ 19.4390089, 51.7204615 ]
    }
  }, {
    "type" : "Feature",
    "properties" : {
      "name" : "Bistro przy Rondzie",
      "icon" : "https://raw.githubusercontent.com/Concept211/Google-Maps-Markers/master/images/marker_gray.png",
      "season" : 17,
      "episode" : 11,
      "url" : "https://player.pl/programy-online/kuchenne-rewolucje-odcinki,114/odcinek-11,S17E11,95165",
      "homepage" : "http://www.facebook.com/credensbistro"
    },
    "geometry" : {
      "type" : "Point",
      "coordinates" : [ 18.9000822, 50.3967436 ]
    }
  }, {
    "type" : "Feature",
    "properties" : {
      "name" : "Figa z makiem",
      "icon" : "https://raw.githubusercontent.com/Concept211/Google-Maps-Markers/master/images/marker_blue.png",
      "season" : 17,
      "episode" : 12,
      "url" : "https://player.pl/programy-online/kuchenne-rewolucje-odcinki,114/odcinek-12,S17E12,95166"
    },
    "geometry" : {
      "type" : "Point",
      "coordinates" : [ 15.5753971, 54.174724 ]
    }
  }, {
    "type" : "Feature",
    "properties" : {
      "name" : "No i fajnie",
      "icon" : "https://raw.githubusercontent.com/Concept211/Google-Maps-Markers/master/images/marker_gray.png",
      "season" : 17,
      "episode" : 13,
      "url" : "https://player.pl/programy-online/kuchenne-rewolucje-odcinki,114/odcinek-13,S17E13,95167",
      "homepage" : "https://zgierskie-niebo-w-gebie.pl/"
    },
    "geometry" : {
      "type" : "Point",
      "coordinates" : [ 19.3997547, 51.85530869999999 ]
    }
  }, {
    "type" : "Feature",
    "properties" : {
      "name" : "Krupniok",
      "icon" : "https://raw.githubusercontent.com/Concept211/Google-Maps-Markers/master/images/marker_gray.png",
      "season" : 17,
      "episode" : 14,
      "url" : "https://player.pl/programy-online/kuchenne-rewolucje-odcinki,114/odcinek-14,S17E14,95168"
    },
    "geometry" : {
      "type" : "Point",
      "coordinates" : [ 17.718495, 51.070243 ]
    }
  }, {
    "type" : "Feature",
    "properties" : {
      "name" : "Sjesta",
      "icon" : "https://raw.githubusercontent.com/Concept211/Google-Maps-Markers/master/images/marker_gray.png",
      "season" : 18,
      "episode" : 1,
      "url" : "https://player.pl/programy-online/kuchenne-rewolucje-odcinki,114/odcinek-1,S18E01,113041",
      "homepage" : "http://czestochowskakwasnica.pl/"
    },
    "geometry" : {
      "type" : "Point",
      "coordinates" : [ 19.112542, 50.8104926 ]
    }
  }, {
    "type" : "Feature",
    "properties" : {
      "name" : "Pracowania dobrych smaków - Rozmaryn",
      "icon" : "https://raw.githubusercontent.com/Concept211/Google-Maps-Markers/master/images/marker_gray.png",
      "season" : 18,
      "episode" : 2,
      "url" : "https://player.pl/programy-online/kuchenne-rewolucje-odcinki,114/odcinek-2,S18E02,113042",
      "homepage" : "http://www.aramia.pl/"
    },
    "geometry" : {
      "type" : "Point",
      "coordinates" : [ 14.5614578, 53.4243177 ]
    }
  }, {
    "type" : "Feature",
    "properties" : {
      "name" : "Perfect Pub",
      "icon" : "https://raw.githubusercontent.com/Concept211/Google-Maps-Markers/master/images/marker_gray.png",
      "season" : 18,
      "episode" : 3,
      "url" : "https://player.pl/programy-online/kuchenne-rewolucje-odcinki,114/odcinek-3,S18E03,113043",
      "homepage" : "https://oberzabazant.eatbu.com/"
    },
    "geometry" : {
      "type" : "Point",
      "coordinates" : [ 19.6706898, 54.0644746 ]
    }
  }, {
    "type" : "Feature",
    "properties" : {
      "name" : "Ziołowa Chata",
      "icon" : "https://raw.githubusercontent.com/Concept211/Google-Maps-Markers/master/images/marker_gray.png",
      "season" : 18,
      "episode" : 4,
      "url" : "https://player.pl/programy-online/kuchenne-rewolucje-odcinki,114/odcinek-4,S18E04,113044"
    },
    "geometry" : {
      "type" : "Point",
      "coordinates" : [ 18.9012265, 49.7266529 ]
    }
  }, {
    "type" : "Feature",
    "properties" : {
      "name" : "Włoszczyzna",
      "icon" : "https://raw.githubusercontent.com/Concept211/Google-Maps-Markers/master/images/marker_gray.png",
      "season" : 18,
      "episode" : 6,
      "url" : "https://player.pl/programy-online/kuchenne-rewolucje-odcinki,114/odcinek-6,S18E06,117559",
      "homepage" : "http://facebook.com/wloszczyznapizza/"
    },
    "geometry" : {
      "type" : "Point",
      "coordinates" : [ 18.5906338, 54.3837275 ]
    }
  }, {
    "type" : "Feature",
    "properties" : {
      "name" : "Czarny Bawół",
      "icon" : "https://raw.githubusercontent.com/Concept211/Google-Maps-Markers/master/images/marker_gray.png",
      "season" : 18,
      "episode" : 7,
      "url" : "https://player.pl/programy-online/kuchenne-rewolucje-odcinki,114/odcinek-7,S18E07,117560"
    },
    "geometry" : {
      "type" : "Point",
      "coordinates" : [ 14.7827715, 53.2512663 ]
    }
  }, {
    "type" : "Feature",
    "properties" : {
      "name" : "James Bomba-lina",
      "icon" : "https://raw.githubusercontent.com/Concept211/Google-Maps-Markers/master/images/marker_gray.png",
      "season" : 18,
      "episode" : 8,
      "url" : "https://player.pl/programy-online/kuchenne-rewolucje-odcinki,114/odcinek-8,S18E08,117561",
      "homepage" : "http://www.elvisburger.pl/"
    },
    "geometry" : {
      "type" : "Point",
      "coordinates" : [ 23.1574205, 53.1330316 ]
    }
  }, {
    "type" : "Feature",
    "properties" : {
      "name" : "Karuzela smaku",
      "icon" : "https://raw.githubusercontent.com/Concept211/Google-Maps-Markers/master/images/marker_blue.png",
      "season" : 18,
      "episode" : 9,
      "url" : "https://player.pl/programy-online/kuchenne-rewolucje-odcinki,114/odcinek-9,S18E09,117562"
    },
    "geometry" : {
      "type" : "Point",
      "coordinates" : [ 20.9483792, 52.2766223 ]
    }
  }, {
    "type" : "Feature",
    "properties" : {
      "name" : "Zorba",
      "icon" : "https://raw.githubusercontent.com/Concept211/Google-Maps-Markers/master/images/marker_blue.png",
      "season" : 18,
      "episode" : 10,
      "url" : "https://player.pl/programy-online/kuchenne-rewolucje-odcinki,114/odcinek-10,S18E10,117563",
      "homepage" : "http://facebook.com/dombawarski"
    },
    "geometry" : {
      "type" : "Point",
      "coordinates" : [ 18.9917383, 50.0938323 ]
    }
  }, {
    "type" : "Feature",
    "properties" : {
      "name" : "Porto di mare",
      "icon" : "https://raw.githubusercontent.com/Concept211/Google-Maps-Markers/master/images/marker_gray.png",
      "season" : 18,
      "episode" : 11,
      "url" : "https://player.pl/programy-online/kuchenne-rewolucje-odcinki,114/odcinek-11,S18E11,117564",
      "homepage" : "https://anticastazione.pl/"
    },
    "geometry" : {
      "type" : "Point",
      "coordinates" : [ 19.4532712, 50.1542628 ]
    }
  }, {
    "type" : "Feature",
    "properties" : {
      "name" : "Szafran",
      "icon" : "https://raw.githubusercontent.com/Concept211/Google-Maps-Markers/master/images/marker_gray.png",
      "season" : 18,
      "episode" : 12,
      "url" : "https://player.pl/programy-online/kuchenne-rewolucje-odcinki,114/odcinek-12,S18E12,117565",
      "homepage" : "https://www.pysznasprawa45.pl/"
    },
    "geometry" : {
      "type" : "Point",
      "coordinates" : [ 18.9277414, 53.7320493 ]
    }
  }, {
    "type" : "Feature",
    "properties" : {
      "name" : "Masala Twist",
      "icon" : "https://raw.githubusercontent.com/Concept211/Google-Maps-Markers/master/images/marker_gray.png",
      "season" : 18,
      "episode" : 13,
      "url" : "https://player.pl/programy-online/kuchenne-rewolucje-odcinki,114/odcinek-13,S18E13,117566",
      "homepage" : "https://www.smaki-indii.com/"
    },
    "geometry" : {
      "type" : "Point",
      "coordinates" : [ 18.603812, 53.011122 ]
    }
  }, {
    "type" : "Feature",
    "properties" : {
      "name" : "Karczma Ordynat",
      "icon" : "https://raw.githubusercontent.com/Concept211/Google-Maps-Markers/master/images/marker_gray.png",
      "season" : 18,
      "episode" : 14,
      "url" : "https://player.pl/programy-online/kuchenne-rewolucje-odcinki,114/odcinek-14,S18E14,117567",
      "homepage" : "http://www.wojto.pl/"
    },
    "geometry" : {
      "type" : "Point",
      "coordinates" : [ 23.3054531, 50.698003 ]
    }
  }, {
    "type" : "Feature",
    "properties" : {
      "name" : "Hacjenda",
      "icon" : "https://raw.githubusercontent.com/Concept211/Google-Maps-Markers/master/images/marker_gray.png",
      "season" : 19,
      "episode" : 1,
      "url" : "https://player.pl/programy-online/kuchenne-rewolucje-odcinki,114/odcinek-1,S19E01,129743",
      "homepage" : "http://www.restauracjahacjenda.pl/"
    },
    "geometry" : {
      "type" : "Point",
      "coordinates" : [ 18.5985393, 54.378556 ]
    }
  }, {
    "type" : "Feature",
    "properties" : {
      "name" : "Taste",
      "icon" : "https://raw.githubusercontent.com/Concept211/Google-Maps-Markers/master/images/marker_gray.png",
      "season" : 19,
      "episode" : 2,
      "url" : "https://player.pl/programy-online/kuchenne-rewolucje-odcinki,114/odcinek-2,S19E02,129744"
    },
    "geometry" : {
      "type" : "Point",
      "coordinates" : [ 14.2506434, 53.9076695 ]
    }
  }, {
    "type" : "Feature",
    "properties" : {
      "name" : "Dzika Róża",
      "icon" : "https://raw.githubusercontent.com/Concept211/Google-Maps-Markers/master/images/marker_gray.png",
      "season" : 19,
      "episode" : 3,
      "url" : "https://player.pl/programy-online/kuchenne-rewolucje-odcinki,114/odcinek-3,S19E03,129745"
    },
    "geometry" : {
      "type" : "Point",
      "coordinates" : [ 18.5192905, 50.1157583 ]
    }
  }, {
    "type" : "Feature",
    "properties" : {
      "name" : "Mada",
      "icon" : "https://raw.githubusercontent.com/Concept211/Google-Maps-Markers/master/images/marker_gray.png",
      "season" : 19,
      "episode" : 4,
      "url" : "https://player.pl/programy-online/kuchenne-rewolucje-odcinki,114/odcinek-4,S19E04,129746"
    },
    "geometry" : {
      "type" : "Point",
      "coordinates" : [ 21.1084606, 52.24902520000001 ]
    }
  }, {
    "type" : "Feature",
    "properties" : {
      "name" : "Paradiso",
      "icon" : "https://raw.githubusercontent.com/Concept211/Google-Maps-Markers/master/images/marker_gray.png",
      "season" : 19,
      "episode" : 5,
      "url" : "https://player.pl/programy-online/kuchenne-rewolucje-odcinki,114/odcinek-5,S19E05,129747",
      "homepage" : "http://www.dorestauracji.pl/lokal/kawice/restauracje/2789/paradiso_restauracja_organizacja_imprez_okolicznosciowych.html"
    },
    "geometry" : {
      "type" : "Point",
      "coordinates" : [ 16.4232938, 51.2312833 ]
    }
  }, {
    "type" : "Feature",
    "properties" : {
      "name" : "Zapiecek",
      "icon" : "https://raw.githubusercontent.com/Concept211/Google-Maps-Markers/master/images/marker_gray.png",
      "season" : 19,
      "episode" : 6,
      "url" : "https://player.pl/programy-online/kuchenne-rewolucje-odcinki,114/odcinek-6,S19E06,129748",
      "homepage" : "http://pysznyzajazd.pl/"
    },
    "geometry" : {
      "type" : "Point",
      "coordinates" : [ 22.475262, 51.2800689 ]
    }
  }, {
    "type" : "Feature",
    "properties" : {
      "name" : "Zakątek smaku",
      "icon" : "https://raw.githubusercontent.com/Concept211/Google-Maps-Markers/master/images/marker_blue.png",
      "season" : 19,
      "episode" : 7,
      "url" : "https://player.pl/programy-online/kuchenne-rewolucje-odcinki,114/odcinek-7,S19E07,129749"
    },
    "geometry" : {
      "type" : "Point",
      "coordinates" : [ 19.3313529, 51.74804510000001 ]
    }
  }, {
    "type" : "Feature",
    "properties" : {
      "name" : "Pierogarnia",
      "icon" : "https://raw.githubusercontent.com/Concept211/Google-Maps-Markers/master/images/marker_gray.png",
      "season" : 19,
      "episode" : 8,
      "url" : "https://player.pl/programy-online/kuchenne-rewolucje-odcinki,114/odcinek-8,S19E08,129750",
      "homepage" : "http://www.jadlostacja-bar.pl/"
    },
    "geometry" : {
      "type" : "Point",
      "coordinates" : [ 18.7596718, 54.0926753 ]
    }
  }, {
    "type" : "Feature",
    "properties" : {
      "name" : "Bar Tarchomin",
      "icon" : "https://raw.githubusercontent.com/Concept211/Google-Maps-Markers/master/images/marker_blue.png",
      "season" : 19,
      "episode" : 9,
      "url" : "https://player.pl/programy-online/kuchenne-rewolucje-odcinki,114/odcinek-9,S19E09,129751"
    },
    "geometry" : {
      "type" : "Point",
      "coordinates" : [ 20.936878, 52.3354098 ]
    }
  }, {
    "type" : "Feature",
    "properties" : {
      "name" : "Pierogarnia u Marty",
      "icon" : "https://raw.githubusercontent.com/Concept211/Google-Maps-Markers/master/images/marker_gray.png",
      "season" : 19,
      "episode" : 10,
      "url" : "https://player.pl/programy-online/kuchenne-rewolucje-odcinki,114/odcinek-10,S19E10,129752",
      "homepage" : "https://www.facebook.com/people/pierogarnia-u-marty/100057535716315/?locale=pl_pl"
    },
    "geometry" : {
      "type" : "Point",
      "coordinates" : [ 15.1250604, 53.6619573 ]
    }
  }, {
    "type" : "Feature",
    "properties" : {
      "name" : "Pierogatka",
      "icon" : "https://raw.githubusercontent.com/Concept211/Google-Maps-Markers/master/images/marker_gray.png",
      "season" : 19,
      "episode" : 11,
      "url" : "https://player.pl/programy-online/kuchenne-rewolucje-odcinki,114/odcinek-11,S19E11,129753",
      "homepage" : "http://www.pierogarnie.com/"
    },
    "geometry" : {
      "type" : "Point",
      "coordinates" : [ 18.0905338, 51.7624085 ]
    }
  }, {
    "type" : "Feature",
    "properties" : {
      "name" : "Pod przykryfką",
      "icon" : "https://raw.githubusercontent.com/Concept211/Google-Maps-Markers/master/images/marker_blue.png",
      "season" : 19,
      "episode" : 12,
      "url" : "https://player.pl/programy-online/kuchenne-rewolucje-odcinki,114/odcinek-12,S19E12,129754"
    },
    "geometry" : {
      "type" : "Point",
      "coordinates" : [ 18.5905556, 54.3811111 ]
    }
  }, {
    "type" : "Feature",
    "properties" : {
      "name" : "Złota kura",
      "icon" : "https://raw.githubusercontent.com/Concept211/Google-Maps-Markers/master/images/marker_gray.png",
      "season" : 19,
      "episode" : 13,
      "url" : "https://player.pl/programy-online/kuchenne-rewolucje-odcinki,114/odcinek-13,S19E13,129755",
      "homepage" : "http://restauracjazlotejajo.pl/"
    },
    "geometry" : {
      "type" : "Point",
      "coordinates" : [ 19.4189661, 54.1589126 ]
    }
  }, {
    "type" : "Feature",
    "properties" : {
      "name" : "Best Bar",
      "icon" : "https://raw.githubusercontent.com/Concept211/Google-Maps-Markers/master/images/marker_gray.png",
      "season" : 20,
      "episode" : 1,
      "url" : "https://player.pl/programy-online/kuchenne-rewolucje-odcinki,114/odcinek-1,S20E01,149874",
      "homepage" : "https://www.bestbar-ostrowwlkp.eu/"
    },
    "geometry" : {
      "type" : "Point",
      "coordinates" : [ 17.8119765, 51.652556 ]
    }
  }, {
    "type" : "Feature",
    "properties" : {
      "name" : "Ludwinka",
      "icon" : "https://raw.githubusercontent.com/Concept211/Google-Maps-Markers/master/images/marker_gray.png",
      "season" : 20,
      "episode" : 2,
      "url" : "https://player.pl/programy-online/kuchenne-rewolucje-odcinki,114/odcinek-2,S20E02,149875"
    },
    "geometry" : {
      "type" : "Point",
      "coordinates" : [ 17.7887216, 51.8456906 ]
    }
  }, {
    "type" : "Feature",
    "properties" : {
      "name" : "Zajazd Florencja",
      "icon" : "https://raw.githubusercontent.com/Concept211/Google-Maps-Markers/master/images/marker_gray.png",
      "season" : 20,
      "episode" : 3,
      "url" : "https://player.pl/programy-online/kuchenne-rewolucje-odcinki,114/odcinek-3,S20E03,149876",
      "homepage" : "http://zajazdflorencja.pl/"
    },
    "geometry" : {
      "type" : "Point",
      "coordinates" : [ 18.0246873, 54.1207726 ]
    }
  }, {
    "type" : "Feature",
    "properties" : {
      "name" : "Gościnna Ukrainka",
      "icon" : "https://raw.githubusercontent.com/Concept211/Google-Maps-Markers/master/images/marker_gray.png",
      "season" : 20,
      "episode" : 4,
      "url" : "https://player.pl/programy-online/kuchenne-rewolucje-odcinki,114/odcinek-4,S20E04,149877",
      "homepage" : "https://www.facebook.com/kogelmogelwejherowo/"
    },
    "geometry" : {
      "type" : "Point",
      "coordinates" : [ 18.2380984, 54.608695 ]
    }
  }, {
    "type" : "Feature",
    "properties" : {
      "name" : "Tarta poducha",
      "icon" : "https://raw.githubusercontent.com/Concept211/Google-Maps-Markers/master/images/marker_blue.png",
      "season" : 20,
      "episode" : 5,
      "url" : "https://player.pl/programy-online/kuchenne-rewolucje-odcinki,114/odcinek-5,S20E05,149878"
    },
    "geometry" : {
      "type" : "Point",
      "coordinates" : [ 17.0624211, 51.1102788 ]
    }
  }, {
    "type" : "Feature",
    "properties" : {
      "name" : "Bistro Galancie",
      "icon" : "https://raw.githubusercontent.com/Concept211/Google-Maps-Markers/master/images/marker_gray.png",
      "season" : 20,
      "episode" : 6,
      "url" : "https://player.pl/programy-online/kuchenne-rewolucje-odcinki,114/odcinek-6,S20E06,149879",
      "homepage" : "https://www.galanteobiady.pl/"
    },
    "geometry" : {
      "type" : "Point",
      "coordinates" : [ 19.3778168, 51.8036047 ]
    }
  }, {
    "type" : "Feature",
    "properties" : {
      "name" : "Pod zachrypniętym kogutem",
      "icon" : "https://raw.githubusercontent.com/Concept211/Google-Maps-Markers/master/images/marker_gray.png",
      "season" : 20,
      "episode" : 7,
      "url" : "https://player.pl/programy-online/kuchenne-rewolucje-odcinki,114/odcinek-7,S20E07,149880",
      "homepage" : "https://www.facebook.com/PodZachrypnietymKogutem/?fref=ts"
    },
    "geometry" : {
      "type" : "Point",
      "coordinates" : [ 19.2198085, 52.6561579 ]
    }
  }, {
    "type" : "Feature",
    "properties" : {
      "name" : "U Mariusza",
      "icon" : "https://raw.githubusercontent.com/Concept211/Google-Maps-Markers/master/images/marker_blue.png",
      "season" : 20,
      "episode" : 9,
      "url" : "https://player.pl/programy-online/kuchenne-rewolucje-odcinki,114/odcinek-9,S20E09,149882",
      "homepage" : "https://m.facebook.com/KawiarniaUMariusza/?locale2=pl_PL"
    },
    "geometry" : {
      "type" : "Point",
      "coordinates" : [ 19.6684114, 52.8520269 ]
    }
  }, {
    "type" : "Feature",
    "properties" : {
      "name" : "Vintuna",
      "icon" : "https://raw.githubusercontent.com/Concept211/Google-Maps-Markers/master/images/marker_gray.png",
      "season" : 20,
      "episode" : 10,
      "url" : "https://player.pl/playerplus/programy-online/kuchenne-rewolucje-odcinki,114/odcinek-10,S20E10,149883",
      "homepage" : "https://www.vintuna.pl/"
    },
    "geometry" : {
      "type" : "Point",
      "coordinates" : [ 20.9446155, 52.2427654 ]
    }
  }, {
    "type" : "Feature",
    "properties" : {
      "name" : "Kuchnia z piwnicą",
      "icon" : "https://raw.githubusercontent.com/Concept211/Google-Maps-Markers/master/images/marker_gray.png",
      "season" : 20,
      "episode" : 11,
      "url" : "https://player.pl/playerplus/programy-online/kuchenne-rewolucje-odcinki,114/odcinek-11,S20E11,149884"
    },
    "geometry" : {
      "type" : "Point",
      "coordinates" : [ 17.3682181, 53.67190069999999 ]
    }
  }, {
    "type" : "Feature",
    "properties" : {
      "name" : "Prova Gourmet",
      "icon" : "https://raw.githubusercontent.com/Concept211/Google-Maps-Markers/master/images/marker_blue.png",
      "season" : 20,
      "episode" : 12,
      "url" : "https://player.pl/playerplus/programy-online/kuchenne-rewolucje-odcinki,114/odcinek-12,S20E12,149885",
      "homepage" : "https://www.facebook.com/ProvaGourmetTorun/"
    },
    "geometry" : {
      "type" : "Point",
      "coordinates" : [ 18.6028237, 53.0094235 ]
    }
  }, {
    "type" : "Feature",
    "properties" : {
      "name" : "Karczma u Sołtysa",
      "icon" : "https://raw.githubusercontent.com/Concept211/Google-Maps-Markers/master/images/marker_gray.png",
      "season" : 20,
      "episode" : 13,
      "url" : "https://player.pl/playerplus/programy-online/kuchenne-rewolucje-odcinki,114/odcinek-13,S20E13,149886",
      "homepage" : "https://www.facebook.com/KarzmaDuszniki/"
    },
    "geometry" : {
      "type" : "Point",
      "coordinates" : [ 16.3732175, 50.3825522 ]
    }
  }, {
    "type" : "Feature",
    "properties" : {
      "name" : "Szybka szama",
      "icon" : "https://raw.githubusercontent.com/Concept211/Google-Maps-Markers/master/images/marker_gray.png",
      "season" : 21,
      "episode" : 1,
      "url" : "https://player.pl/playerplus/programy-online/kuchenne-rewolucje-odcinki,114/odcinek-1,S21E01,167555",
      "homepage" : "https://szybka-szama.pl/"
    },
    "geometry" : {
      "type" : "Point",
      "coordinates" : [ 22.6216749, 51.3550157 ]
    }
  }, {
    "type" : "Feature",
    "properties" : {
      "name" : "Pod Kamienicą",
      "icon" : "https://raw.githubusercontent.com/Concept211/Google-Maps-Markers/master/images/marker_gray.png",
      "season" : 21,
      "episode" : 3,
      "url" : "https://player.pl/playerplus/programy-online/kuchenne-rewolucje-odcinki,114/odcinek-3,S21E03,167557"
    },
    "geometry" : {
      "type" : "Point",
      "coordinates" : [ 18.7491664, 53.49247279999999 ]
    }
  }, {
    "type" : "Feature",
    "properties" : {
      "name" : "Smacznego",
      "icon" : "https://raw.githubusercontent.com/Concept211/Google-Maps-Markers/master/images/marker_gray.png",
      "season" : 21,
      "episode" : 4,
      "url" : "https://player.pl/playerplus/programy-online/kuchenne-rewolucje-odcinki,114/odcinek-4,S21E04,167558",
      "homepage" : "http://lisikura.pl/"
    },
    "geometry" : {
      "type" : "Point",
      "coordinates" : [ 18.3855178, 54.3932502 ]
    }
  }, {
    "type" : "Feature",
    "properties" : {
      "name" : "Trattoria da Maria",
      "icon" : "https://raw.githubusercontent.com/Concept211/Google-Maps-Markers/master/images/marker_blue.png",
      "season" : 21,
      "episode" : 5,
      "url" : "https://player.pl/playerplus/programy-online/kuchenne-rewolucje-odcinki,114/odcinek-5,S21E05,167559",
      "homepage" : "https://www.facebook.com/KarczochyuMarii/"
    },
    "geometry" : {
      "type" : "Point",
      "coordinates" : [ 19.9268619, 50.0798879 ]
    }
  }, {
    "type" : "Feature",
    "properties" : {
      "name" : "Bar Kartuska",
      "icon" : "https://raw.githubusercontent.com/Concept211/Google-Maps-Markers/master/images/marker_blue.png",
      "season" : 21,
      "episode" : 6,
      "url" : "https://player.pl/playerplus/programy-online/kuchenne-rewolucje-odcinki,114/odcinek-6,S21E06,167560"
    },
    "geometry" : {
      "type" : "Point",
      "coordinates" : [ 18.6322346, 54.3503754 ]
    }
  }, {
    "type" : "Feature",
    "properties" : {
      "name" : "Trops",
      "icon" : "https://raw.githubusercontent.com/Concept211/Google-Maps-Markers/master/images/marker_gray.png",
      "season" : 21,
      "episode" : 7,
      "url" : "https://player.pl/playerplus/programy-online/kuchenne-rewolucje-odcinki,114/odcinek-7,S21E07,167561",
      "homepage" : "https://www.dibufala.pl/"
    },
    "geometry" : {
      "type" : "Point",
      "coordinates" : [ 20.3726764, 52.6219669 ]
    }
  }, {
    "type" : "Feature",
    "properties" : {
      "name" : "W podwórku",
      "icon" : "https://raw.githubusercontent.com/Concept211/Google-Maps-Markers/master/images/marker_gray.png",
      "season" : 21,
      "episode" : 8,
      "url" : "https://player.pl/playerplus/programy-online/kuchenne-rewolucje-odcinki,114/odcinek-8,S21E08,167562",
      "homepage" : "https://www.facebook.com/Bistro-Fio%C5%82ek-2031202013610630/"
    },
    "geometry" : {
      "type" : "Point",
      "coordinates" : [ 21.737916, 52.1479315 ]
    }
  }, {
    "type" : "Feature",
    "properties" : {
      "name" : "Amore Mio",
      "icon" : "https://raw.githubusercontent.com/Concept211/Google-Maps-Markers/master/images/marker_gray.png",
      "season" : 21,
      "episode" : 9,
      "url" : "https://player.pl/playerplus/programy-online/kuchenne-rewolucje-odcinki,114/odcinek-9,S21E09,167563"
    },
    "geometry" : {
      "type" : "Point",
      "coordinates" : [ 18.7597293, 49.9158668 ]
    }
  }, {
    "type" : "Feature",
    "properties" : {
      "name" : "Chicken Flow",
      "icon" : "https://raw.githubusercontent.com/Concept211/Google-Maps-Markers/master/images/marker_gray.png",
      "season" : 21,
      "episode" : 10,
      "url" : "https://player.pl/playerplus/programy-online/kuchenne-rewolucje-odcinki,114/odcinek-10,S21E10,167564",
      "homepage" : "https://www.facebook.com/snacklapy/"
    },
    "geometry" : {
      "type" : "Point",
      "coordinates" : [ 22.8822748, 52.989923 ]
    }
  }, {
    "type" : "Feature",
    "properties" : {
      "name" : "Bistro na Drzewiarzu",
      "icon" : "https://raw.githubusercontent.com/Concept211/Google-Maps-Markers/master/images/marker_gray.png",
      "season" : 21,
      "episode" : 11,
      "url" : "https://player.pl/playerplus/programy-online/kuchenne-rewolucje-odcinki,114/odcinek-11,S21E11,167565",
      "homepage" : "http://szynknabogato.pl/"
    },
    "geometry" : {
      "type" : "Point",
      "coordinates" : [ 18.9217095, 49.80148570000001 ]
    }
  }, {
    "type" : "Feature",
    "properties" : {
      "name" : "Gold",
      "icon" : "https://raw.githubusercontent.com/Concept211/Google-Maps-Markers/master/images/marker_gray.png",
      "season" : 21,
      "episode" : 12,
      "url" : "https://player.pl/playerplus/programy-online/kuchenne-rewolucje-odcinki,114/odcinek-12,S21E12,167566",
      "homepage" : "https://www.facebook.com/LUKAS-GOLD-413206722085376/"
    },
    "geometry" : {
      "type" : "Point",
      "coordinates" : [ 18.4114515, 54.56428349999999 ]
    }
  }, {
    "type" : "Feature",
    "properties" : {
      "name" : "Pizzeria Familijna",
      "icon" : "https://raw.githubusercontent.com/Concept211/Google-Maps-Markers/master/images/marker_gray.png",
      "season" : 21,
      "episode" : 13,
      "url" : "https://player.pl/playerplus/programy-online/kuchenne-rewolucje-odcinki,114/odcinek-13,S21E13,167567",
      "homepage" : "http://www.familijna-zerkow.pl/"
    },
    "geometry" : {
      "type" : "Point",
      "coordinates" : [ 17.5628745, 52.0704735 ]
    }
  }, {
    "type" : "Feature",
    "properties" : {
      "name" : "Diavolo",
      "icon" : "https://raw.githubusercontent.com/Concept211/Google-Maps-Markers/master/images/marker_gray.png",
      "season" : 21,
      "episode" : 14,
      "url" : "https://player.pl/playerplus/programy-online/kuchenne-rewolucje-odcinki,114/odcinek-14,S21E14,190980",
      "homepage" : "http://czestochowskakwasnica.pl/"
    },
    "geometry" : {
      "type" : "Point",
      "coordinates" : [ 19.112542, 50.8104926 ]
    }
  }, {
    "type" : "Feature",
    "properties" : {
      "name" : "Zamek",
      "icon" : "https://raw.githubusercontent.com/Concept211/Google-Maps-Markers/master/images/marker_gray.png",
      "season" : 21,
      "episode" : 15,
      "url" : "https://player.pl/playerplus/programy-online/kuchenne-rewolucje-odcinki,114/odcinek-15,S21E15,190981"
    },
    "geometry" : {
      "type" : "Point",
      "coordinates" : [ 16.6931827, 53.7063836 ]
    }
  }, {
    "type" : "Feature",
    "properties" : {
      "name" : "Barka",
      "icon" : "https://raw.githubusercontent.com/Concept211/Google-Maps-Markers/master/images/marker_blue.png",
      "season" : 21,
      "episode" : 16,
      "url" : "https://player.pl/playerplus/programy-online/kuchenne-rewolucje-odcinki,114/odcinek-16,S21E16,190982",
      "homepage" : "https://www.facebook.com/barka.pila/"
    },
    "geometry" : {
      "type" : "Point",
      "coordinates" : [ 16.738726, 53.1523988 ]
    }
  }, {
    "type" : "Feature",
    "properties" : {
      "name" : "Nowa Villa Ostródzka",
      "icon" : "https://raw.githubusercontent.com/Concept211/Google-Maps-Markers/master/images/marker_gray.png",
      "season" : 21,
      "episode" : 17,
      "url" : "https://player.pl/playerplus/programy-online/kuchenne-rewolucje-odcinki,114/odcinek-17,S21E17,190983"
    },
    "geometry" : {
      "type" : "Point",
      "coordinates" : [ 21.052289, 52.3114697 ]
    }
  }, {
    "type" : "Feature",
    "properties" : {
      "name" : "Gargoły",
      "icon" : "https://raw.githubusercontent.com/Concept211/Google-Maps-Markers/master/images/marker_gray.png",
      "season" : 22,
      "episode" : 2,
      "url" : "https://player.pl/playerplus/programy-online/kuchenne-rewolucje-odcinki,114/odcinek-2,S22E02,196065",
      "homepage" : "https://www.facebook.com/restauracjaimber"
    },
    "geometry" : {
      "type" : "Point",
      "coordinates" : [ 19.4556995, 51.7710653 ]
    }
  }, {
    "type" : "Feature",
    "properties" : {
      "name" : "Sezonowa",
      "icon" : "https://raw.githubusercontent.com/Concept211/Google-Maps-Markers/master/images/marker_blue.png",
      "season" : 22,
      "episode" : 3,
      "url" : "https://player.pl/playerplus/programy-online/kuchenne-rewolucje-odcinki,114/odcinek-3,S22E03,196066",
      "homepage" : "http://trattoriaverde.com/"
    },
    "geometry" : {
      "type" : "Point",
      "coordinates" : [ 19.128697, 50.7835871 ]
    }
  }, {
    "type" : "Feature",
    "properties" : {
      "name" : "Mikołajek",
      "icon" : "https://raw.githubusercontent.com/Concept211/Google-Maps-Markers/master/images/marker_gray.png",
      "season" : 22,
      "episode" : 4,
      "url" : "https://player.pl/playerplus/programy-online/kuchenne-rewolucje-odcinki,114/odcinek-4,S22E04,196067",
      "homepage" : "http://www.pttkslupsk.tp1.pl/"
    },
    "geometry" : {
      "type" : "Point",
      "coordinates" : [ 17.03202, 54.469924 ]
    }
  }, {
    "type" : "Feature",
    "properties" : {
      "name" : "Gorąca Patelnia",
      "icon" : "https://raw.githubusercontent.com/Concept211/Google-Maps-Markers/master/images/marker_gray.png",
      "season" : 22,
      "episode" : 5,
      "url" : "https://player.pl/playerplus/programy-online/kuchenne-rewolucje-odcinki,114/odcinek-5,S22E05,196068"
    },
    "geometry" : {
      "type" : "Point",
      "coordinates" : [ 17.057406, 52.401681 ]
    }
  }, {
    "type" : "Feature",
    "properties" : {
      "name" : "Na okrągło",
      "icon" : "https://raw.githubusercontent.com/Concept211/Google-Maps-Markers/master/images/marker_gray.png",
      "season" : 22,
      "episode" : 6,
      "url" : "https://player.pl/playerplus/programy-online/kuchenne-rewolucje-odcinki,114/odcinek-6,S22E06,196069"
    },
    "geometry" : {
      "type" : "Point",
      "coordinates" : [ 21.0644113, 52.3184947 ]
    }
  }, {
    "type" : "Feature",
    "properties" : {
      "name" : "Bar u Skwarka",
      "icon" : "https://raw.githubusercontent.com/Concept211/Google-Maps-Markers/master/images/marker_blue.png",
      "season" : 22,
      "episode" : 7,
      "url" : "https://player.pl/playerplus/programy-online/kuchenne-rewolucje-odcinki,114/odcinek-7,S22E07,196070",
      "homepage" : "https://www.facebook.com/Bar-u-Skwarka-109305640807491/"
    },
    "geometry" : {
      "type" : "Point",
      "coordinates" : [ 17.6345983, 54.4993941 ]
    }
  }, {
    "type" : "Feature",
    "properties" : {
      "name" : "Mąka i Magia",
      "icon" : "https://raw.githubusercontent.com/Concept211/Google-Maps-Markers/master/images/marker_gray.png",
      "season" : 22,
      "episode" : 8,
      "url" : "https://player.pl/playerplus/programy-online/kuchenne-rewolucje-odcinki,114/odcinek-8,S22E08,196071",
      "homepage" : "http://www.makaimagia.pl/"
    },
    "geometry" : {
      "type" : "Point",
      "coordinates" : [ 22.2623187, 52.9957187 ]
    }
  }, {
    "type" : "Feature",
    "properties" : {
      "name" : "Palce lizać",
      "icon" : "https://raw.githubusercontent.com/Concept211/Google-Maps-Markers/master/images/marker_blue.png",
      "season" : 22,
      "episode" : 9,
      "url" : "https://player.pl/playerplus/programy-online/kuchenne-rewolucje-odcinki,114/odcinek-9,S22E09,196072",
      "homepage" : "https://www.pizzapalcelizac.com/"
    },
    "geometry" : {
      "type" : "Point",
      "coordinates" : [ 19.4394195, 51.7887514 ]
    }
  }, {
    "type" : "Feature",
    "properties" : {
      "name" : "Cztery Smaki",
      "icon" : "https://raw.githubusercontent.com/Concept211/Google-Maps-Markers/master/images/marker_blue.png",
      "season" : 22,
      "episode" : 10,
      "url" : "https://player.pl/playerplus/programy-online/kuchenne-rewolucje-odcinki,114/odcinek-10,S22E10,196073"
    },
    "geometry" : {
      "type" : "Point",
      "coordinates" : [ 19.3283396, 50.10663419999999 ]
    }
  }, {
    "type" : "Feature",
    "properties" : {
      "name" : "Restauracja Floriańska",
      "icon" : "https://raw.githubusercontent.com/Concept211/Google-Maps-Markers/master/images/marker_gray.png",
      "season" : 22,
      "episode" : 11,
      "url" : "https://player.pl/playerplus/programy-online/kuchenne-rewolucje-odcinki,114/odcinek-11,S22E11,196074"
    },
    "geometry" : {
      "type" : "Point",
      "coordinates" : [ 19.0188858, 49.7117958 ]
    }
  }, {
    "type" : "Feature",
    "properties" : {
      "name" : "List z Kaukazu",
      "icon" : "https://raw.githubusercontent.com/Concept211/Google-Maps-Markers/master/images/marker_gray.png",
      "season" : 22,
      "episode" : 12,
      "url" : "https://player.pl/playerplus/programy-online/kuchenne-rewolucje-odcinki,114/odcinek-12,S22E12,196075",
      "homepage" : "https://www.listzkaukazu.com/"
    },
    "geometry" : {
      "type" : "Point",
      "coordinates" : [ 18.6070679, 53.009663 ]
    }
  }, {
    "type" : "Feature",
    "properties" : {
      "name" : "Neptun",
      "icon" : "https://raw.githubusercontent.com/Concept211/Google-Maps-Markers/master/images/marker_gray.png",
      "season" : 22,
      "episode" : 13,
      "url" : "https://player.pl/playerplus/programy-online/kuchenne-rewolucje-odcinki,114/odcinek-13,S22E13,196076",
      "homepage" : "http://www.n-s-s.pl/"
    },
    "geometry" : {
      "type" : "Point",
      "coordinates" : [ 18.5224834, 54.5265578 ]
    }
  }, {
    "type" : "Feature",
    "properties" : {
      "name" : "Wilcza 8",
      "icon" : "https://raw.githubusercontent.com/Concept211/Google-Maps-Markers/master/images/marker_gray.png",
      "season" : 22,
      "episode" : 14,
      "url" : "https://player.pl/playerplus/programy-online/kuchenne-rewolucje-odcinki,114/odcinek-14,S22E14,208107"
    },
    "geometry" : {
      "type" : "Point",
      "coordinates" : [ 16.6991167, 51.2716624 ]
    }
  }, {
    "type" : "Feature",
    "properties" : {
      "name" : "Dama Kier",
      "icon" : "https://raw.githubusercontent.com/Concept211/Google-Maps-Markers/master/images/marker_gray.png",
      "season" : 22,
      "episode" : 15,
      "url" : "https://player.pl/playerplus/programy-online/kuchenne-rewolucje-odcinki,114/odcinek-15,S22E15,208108"
    },
    "geometry" : {
      "type" : "Point",
      "coordinates" : [ 19.1068706, 50.1289083 ]
    }
  }, {
    "type" : "Feature",
    "properties" : {
      "name" : "Modry Kociołek",
      "icon" : "https://raw.githubusercontent.com/Concept211/Google-Maps-Markers/master/images/marker_blue.png",
      "season" : 23,
      "episode" : 1,
      "url" : "https://player.pl/programy-online/kuchenne-rewolucje-odcinki,114/odcinek-1,S23E01,216357",
      "homepage" : "http://www.modrykociolek.pl/"
    },
    "geometry" : {
      "type" : "Point",
      "coordinates" : [ 18.9570995, 50.3944249 ]
    }
  }, {
    "type" : "Feature",
    "properties" : {
      "name" : "Ajax",
      "icon" : "https://raw.githubusercontent.com/Concept211/Google-Maps-Markers/master/images/marker_gray.png",
      "season" : 23,
      "episode" : 2,
      "url" : "https://player.pl/programy-online/kuchenne-rewolucje-odcinki,114/odcinek-2,S23E02,216358",
      "homepage" : "http://www.hotelajax.pl/"
    },
    "geometry" : {
      "type" : "Point",
      "coordinates" : [ 20.8942259, 52.1248442 ]
    }
  }, {
    "type" : "Feature",
    "properties" : {
      "name" : "Cafe Filiżanka",
      "icon" : "https://raw.githubusercontent.com/Concept211/Google-Maps-Markers/master/images/marker_gray.png",
      "season" : 23,
      "episode" : 3,
      "url" : "https://player.pl/programy-online/kuchenne-rewolucje-odcinki,114/odcinek-3,S23E03,216359",
      "homepage" : "https://bigosuczar.pl/"
    },
    "geometry" : {
      "type" : "Point",
      "coordinates" : [ 20.4440586, 52.0563379 ]
    }
  }, {
    "type" : "Feature",
    "properties" : {
      "name" : "Tasty",
      "icon" : "https://raw.githubusercontent.com/Concept211/Google-Maps-Markers/master/images/marker_gray.png",
      "season" : 23,
      "episode" : 4,
      "url" : "https://player.pl/programy-online/kuchenne-rewolucje-odcinki,114/odcinek-4,S23E04,216360"
    },
    "geometry" : {
      "type" : "Point",
      "coordinates" : [ 18.9443372, 50.37327459999999 ]
    }
  }, {
    "type" : "Feature",
    "properties" : {
      "name" : "Kuźnia Smaków",
      "icon" : "https://raw.githubusercontent.com/Concept211/Google-Maps-Markers/master/images/marker_blue.png",
      "season" : 23,
      "episode" : 5,
      "url" : "https://player.pl/programy-online/kuchenne-rewolucje-odcinki,114/odcinek-5,S23E05,216361",
      "homepage" : "http://prostoodserca.pl/"
    },
    "geometry" : {
      "type" : "Point",
      "coordinates" : [ 22.254369, 52.40687610000001 ]
    }
  }, {
    "type" : "Feature",
    "properties" : {
      "name" : "Magnolia",
      "icon" : "https://raw.githubusercontent.com/Concept211/Google-Maps-Markers/master/images/marker_gray.png",
      "season" : 23,
      "episode" : 6,
      "url" : "https://player.pl/programy-online/kuchenne-rewolucje-odcinki,114/odcinek-6,S23E06,216362",
      "homepage" : "http://www.magnoliajawor.pl/"
    },
    "geometry" : {
      "type" : "Point",
      "coordinates" : [ 16.2004435, 51.057452 ]
    }
  }, {
    "type" : "Feature",
    "properties" : {
      "name" : "Silvano",
      "icon" : "https://raw.githubusercontent.com/Concept211/Google-Maps-Markers/master/images/marker_gray.png",
      "season" : 23,
      "episode" : 7,
      "url" : "https://player.pl/programy-online/kuchenne-rewolucje-odcinki,114/odcinek-7,S23E07,216363",
      "homepage" : "https://www.facebook.com/KarczmaGege"
    },
    "geometry" : {
      "type" : "Point",
      "coordinates" : [ 16.7344811, 52.7985808 ]
    }
  }, {
    "type" : "Feature",
    "properties" : {
      "name" : "Domowa kura",
      "icon" : "https://raw.githubusercontent.com/Concept211/Google-Maps-Markers/master/images/marker_gray.png",
      "season" : 23,
      "episode" : 8,
      "url" : "https://player.pl/programy-online/kuchenne-rewolucje-odcinki,114/odcinek-8,S23E08,216364"
    },
    "geometry" : {
      "type" : "Point",
      "coordinates" : [ 23.2670791, 50.7123107 ]
    }
  }, {
    "type" : "Feature",
    "properties" : {
      "name" : "Kawiarnia Marysieńka",
      "icon" : "https://raw.githubusercontent.com/Concept211/Google-Maps-Markers/master/images/marker_gray.png",
      "season" : 23,
      "episode" : 9,
      "url" : "https://player.pl/programy-online/kuchenne-rewolucje-odcinki,114/odcinek-9,S23E09,216365",
      "homepage" : "https://www.facebook.com/Bistro-Tajemniczy-Staw-101033012243182/"
    },
    "geometry" : {
      "type" : "Point",
      "coordinates" : [ 16.977668, 53.9997701 ]
    }
  }, {
    "type" : "Feature",
    "properties" : {
      "name" : "Geneza Smaku",
      "icon" : "https://raw.githubusercontent.com/Concept211/Google-Maps-Markers/master/images/marker_gray.png",
      "season" : 23,
      "episode" : 10,
      "url" : "https://player.pl/programy-online/kuchenne-rewolucje-odcinki,114/odcinek-10,S23E10,216366",
      "homepage" : "http://www.szyszkasmaku.pl/"
    },
    "geometry" : {
      "type" : "Point",
      "coordinates" : [ 15.7397849, 50.77294690000001 ]
    }
  }, {
    "type" : "Feature",
    "properties" : {
      "name" : "Orient X-press",
      "icon" : "https://raw.githubusercontent.com/Concept211/Google-Maps-Markers/master/images/marker_blue.png",
      "season" : 23,
      "episode" : 11,
      "url" : "https://player.pl/programy-online/kuchenne-rewolucje-odcinki,114/odcinek-11,S23E11,216367"
    },
    "geometry" : {
      "type" : "Point",
      "coordinates" : [ 20.6343273, 52.104487 ]
    }
  }, {
    "type" : "Feature",
    "properties" : {
      "name" : "Bar Agata",
      "icon" : "https://raw.githubusercontent.com/Concept211/Google-Maps-Markers/master/images/marker_gray.png",
      "season" : 23,
      "episode" : 12,
      "url" : "https://player.pl/programy-online/kuchenne-rewolucje-odcinki,114/odcinek-12,S23E12,216368"
    },
    "geometry" : {
      "type" : "Point",
      "coordinates" : [ 15.2294812, 52.7284542 ]
    }
  }, {
    "type" : "Feature",
    "properties" : {
      "name" : "Palce lizać",
      "icon" : "https://raw.githubusercontent.com/Concept211/Google-Maps-Markers/master/images/marker_gray.png",
      "season" : 23,
      "episode" : 13,
      "url" : "https://player.pl/programy-online/kuchenne-rewolucje-odcinki,114/odcinek-13,S23E13,216369",
      "homepage" : "https://barvioli.pl/"
    },
    "geometry" : {
      "type" : "Point",
      "coordinates" : [ 20.1806262, 53.232874 ]
    }
  }, {
    "type" : "Feature",
    "properties" : {
      "name" : "Okrąglak",
      "icon" : "https://raw.githubusercontent.com/Concept211/Google-Maps-Markers/master/images/marker_gray.png",
      "season" : 23,
      "episode" : 14,
      "url" : "https://player.pl/programy-online/kuchenne-rewolucje-odcinki,114/odcinek-14,S23E14,225386",
      "homepage" : "http://www.bizmir.pl/"
    },
    "geometry" : {
      "type" : "Point",
      "coordinates" : [ 19.1497478, 50.2861328 ]
    }
  }, {
    "type" : "Feature",
    "properties" : {
      "name" : "Restauracja w Borach",
      "icon" : "https://raw.githubusercontent.com/Concept211/Google-Maps-Markers/master/images/marker_gray.png",
      "season" : 23,
      "episode" : 15,
      "url" : "https://player.pl/programy-online/kuchenne-rewolucje-odcinki,114/odcinek-15,S23E15,225387",
      "homepage" : "https://www.facebook.com/profile.php?id=100076173995099"
    },
    "geometry" : {
      "type" : "Point",
      "coordinates" : [ 17.7868095, 53.6099331 ]
    }
  }, {
    "type" : "Feature",
    "properties" : {
      "name" : "Gościnna",
      "icon" : "https://raw.githubusercontent.com/Concept211/Google-Maps-Markers/master/images/marker_blue.png",
      "season" : 24,
      "episode" : 1,
      "url" : "https://player.pl/programy-online/kuchenne-rewolucje-odcinki,114/odcinek-1,S24E01,231412"
    },
    "geometry" : {
      "type" : "Point",
      "coordinates" : [ 20.8112141, 54.2499793 ]
    }
  }, {
    "type" : "Feature",
    "properties" : {
      "name" : "Ghvino i Śpiew",
      "icon" : "https://raw.githubusercontent.com/Concept211/Google-Maps-Markers/master/images/marker_gray.png",
      "season" : 24,
      "episode" : 2,
      "url" : "https://player.pl/programy-online/kuchenne-rewolucje-odcinki,114/odcinek-2,S24E02,231413",
      "homepage" : "http://ghvinoispiew.pl/"
    },
    "geometry" : {
      "type" : "Point",
      "coordinates" : [ 16.2471144, 50.4430778 ]
    }
  }, {
    "type" : "Feature",
    "properties" : {
      "name" : "Imperia",
      "icon" : "https://raw.githubusercontent.com/Concept211/Google-Maps-Markers/master/images/marker_gray.png",
      "season" : 24,
      "episode" : 3,
      "url" : "https://player.pl/programy-online/kuchenne-rewolucje-odcinki,114/odcinek-3,S24E03,231414"
    },
    "geometry" : {
      "type" : "Point",
      "coordinates" : [ 20.4386903, 52.0566123 ]
    }
  }, {
    "type" : "Feature",
    "properties" : {
      "name" : "Staropolska",
      "icon" : "https://raw.githubusercontent.com/Concept211/Google-Maps-Markers/master/images/marker_gray.png",
      "season" : 24,
      "episode" : 4,
      "url" : "https://player.pl/programy-online/kuchenne-rewolucje-odcinki,114/odcinek-4,S24E04,231415",
      "homepage" : "http://www.staropolska.org/"
    },
    "geometry" : {
      "type" : "Point",
      "coordinates" : [ 21.072462, 50.3030233 ]
    }
  }, {
    "type" : "Feature",
    "properties" : {
      "name" : "Calabria",
      "icon" : "https://raw.githubusercontent.com/Concept211/Google-Maps-Markers/master/images/marker_gray.png",
      "season" : 24,
      "episode" : 5,
      "url" : "https://player.pl/programy-online/kuchenne-rewolucje-odcinki,114/odcinek-5,S24E05,231416",
      "homepage" : "https://drewnoiogien.pl/"
    },
    "geometry" : {
      "type" : "Point",
      "coordinates" : [ 20.4755652, 53.7755279 ]
    }
  }, {
    "type" : "Feature",
    "properties" : {
      "name" : "Masters",
      "icon" : "https://raw.githubusercontent.com/Concept211/Google-Maps-Markers/master/images/marker_gray.png",
      "season" : 24,
      "episode" : 6,
      "url" : "https://player.pl/programy-online/kuchenne-rewolucje-odcinki,114/odcinek-6,S24E06,231417",
      "homepage" : "http://www.masterspizzaobiady.pl/"
    },
    "geometry" : {
      "type" : "Point",
      "coordinates" : [ 18.253324, 52.7757652 ]
    }
  }, {
    "type" : "Feature",
    "properties" : {
      "name" : "Polski Nie-rząd",
      "icon" : "https://raw.githubusercontent.com/Concept211/Google-Maps-Markers/master/images/marker_blue.png",
      "season" : 24,
      "episode" : 7,
      "url" : "https://player.pl/programy-online/kuchenne-rewolucje-odcinki,114/odcinek-7,S24E07,231418"
    },
    "geometry" : {
      "type" : "Point",
      "coordinates" : [ 19.1941061, 50.29405089999999 ]
    }
  }, {
    "type" : "Feature",
    "properties" : {
      "name" : "Pizzeria DaviOli",
      "icon" : "https://raw.githubusercontent.com/Concept211/Google-Maps-Markers/master/images/marker_blue.png",
      "season" : 24,
      "episode" : 8,
      "url" : "https://player.pl/programy-online/kuchenne-rewolucje-odcinki,114/odcinek-8,S24E08,231419"
    },
    "geometry" : {
      "type" : "Point",
      "coordinates" : [ 15.0071066, 52.5840206 ]
    }
  }, {
    "type" : "Feature",
    "properties" : {
      "name" : "Zielony Nosorożec",
      "icon" : "https://raw.githubusercontent.com/Concept211/Google-Maps-Markers/master/images/marker_gray.png",
      "season" : 24,
      "episode" : 9,
      "url" : "https://player.pl/programy-online/kuchenne-rewolucje-odcinki,114/odcinek-9,S24E09,231420",
      "homepage" : "http://www.zielonywietnam.com.pl/"
    },
    "geometry" : {
      "type" : "Point",
      "coordinates" : [ 23.1677973, 53.1413102 ]
    }
  }, {
    "type" : "Feature",
    "properties" : {
      "name" : "Pizzeria Bujani",
      "icon" : "https://raw.githubusercontent.com/Concept211/Google-Maps-Markers/master/images/marker_gray.png",
      "season" : 24,
      "episode" : 10,
      "url" : "https://player.pl/programy-online/kuchenne-rewolucje-odcinki,114/odcinek-10,S24E10,231421",
      "homepage" : "http://www.bujanipizza.pl/"
    },
    "geometry" : {
      "type" : "Point",
      "coordinates" : [ 21.0041843, 50.0177253 ]
    }
  }, {
    "type" : "Feature",
    "properties" : {
      "name" : "Dobre Jadło",
      "icon" : "https://raw.githubusercontent.com/Concept211/Google-Maps-Markers/master/images/marker_blue.png",
      "season" : 24,
      "episode" : 11,
      "url" : "https://player.pl/programy-online/kuchenne-rewolucje-odcinki,114/odcinek-11,S24E11,231422"
    },
    "geometry" : {
      "type" : "Point",
      "coordinates" : [ 19.1020348, 50.3014338 ]
    }
  }, {
    "type" : "Feature",
    "properties" : {
      "name" : "American Dream",
      "icon" : "https://raw.githubusercontent.com/Concept211/Google-Maps-Markers/master/images/marker_gray.png",
      "season" : 24,
      "episode" : 12,
      "url" : "https://player.pl/programy-online/kuchenne-rewolucje-odcinki,114/odcinek-12,S24E12,231423",
      "homepage" : "https://www.facebook.com/amerykanskisen66/"
    },
    "geometry" : {
      "type" : "Point",
      "coordinates" : [ 17.1342157, 51.1601095 ]
    }
  }, {
    "type" : "Feature",
    "properties" : {
      "name" : "Caverna Cafe",
      "icon" : "https://raw.githubusercontent.com/Concept211/Google-Maps-Markers/master/images/marker_gray.png",
      "season" : 24,
      "episode" : 13,
      "url" : "https://player.pl/programy-online/kuchenne-rewolucje-odcinki,114/odcinek-13,S24E13,231424"
    },
    "geometry" : {
      "type" : "Point",
      "coordinates" : [ 17.9507442, 50.6722502 ]
    }
  }, {
    "type" : "Feature",
    "properties" : {
      "name" : "Smaczne... go",
      "icon" : "https://raw.githubusercontent.com/Concept211/Google-Maps-Markers/master/images/marker_gray.png",
      "season" : 25,
      "episode" : 3,
      "url" : "https://player.pl/programy-online/kuchenne-rewolucje-odcinki,114/odcinek-3,S25E03,242623",
      "homepage" : "https://m.facebook.com/knajpkaczuszkapl/"
    },
    "geometry" : {
      "type" : "Point",
      "coordinates" : [ 20.0244246, 51.5275569 ]
    }
  }, {
    "type" : "Feature",
    "properties" : {
      "name" : "Cudnie",
      "icon" : "https://raw.githubusercontent.com/Concept211/Google-Maps-Markers/master/images/marker_blue.png",
      "season" : 25,
      "episode" : 4,
      "url" : "https://player.pl/programy-online/kuchenne-rewolucje-odcinki,114/odcinek-4,S25E04,242624",
      "homepage" : "http://www.pelnowsieci.pl/"
    },
    "geometry" : {
      "type" : "Point",
      "coordinates" : [ 21.973763, 51.418727 ]
    }
  }, {
    "type" : "Feature",
    "properties" : {
      "name" : "Sakartvelo",
      "icon" : "https://raw.githubusercontent.com/Concept211/Google-Maps-Markers/master/images/marker_gray.png",
      "season" : 25,
      "episode" : 5,
      "url" : "https://player.pl/programy-online/kuchenne-rewolucje-odcinki,114/odcinek-5,S25E05,242625",
      "homepage" : "https://www.facebook.com/RestauracjaSakartvelo/"
    },
    "geometry" : {
      "type" : "Point",
      "coordinates" : [ 21.268473, 52.2219276 ]
    }
  }, {
    "type" : "Feature",
    "properties" : {
      "name" : "Fyrtel Smaków",
      "icon" : "https://raw.githubusercontent.com/Concept211/Google-Maps-Markers/master/images/marker_blue.png",
      "season" : 25,
      "episode" : 6,
      "url" : "https://player.pl/programy-online/kuchenne-rewolucje-odcinki,114/odcinek-6,S25E06,242626",
      "homepage" : "https://www.facebook.com/Fyrtel-smak%C3%B3w-702821266551091"
    },
    "geometry" : {
      "type" : "Point",
      "coordinates" : [ 16.9933317, 52.2836669 ]
    }
  }, {
    "type" : "Feature",
    "properties" : {
      "name" : "Limba",
      "icon" : "https://raw.githubusercontent.com/Concept211/Google-Maps-Markers/master/images/marker_gray.png",
      "season" : 25,
      "episode" : 7,
      "url" : "https://player.pl/programy-online/kuchenne-rewolucje-odcinki,114/odcinek-7,S25E07,242627",
      "homepage" : "http://www.hotellimba.pl/"
    },
    "geometry" : {
      "type" : "Point",
      "coordinates" : [ 15.2081632, 52.9866811 ]
    }
  }, {
    "type" : "Feature",
    "properties" : {
      "name" : "Pod Przykrywką",
      "icon" : "https://raw.githubusercontent.com/Concept211/Google-Maps-Markers/master/images/marker_blue.png",
      "season" : 25,
      "episode" : 8,
      "url" : "https://player.pl/programy-online/kuchenne-rewolucje-odcinki,114/odcinek-8,S25E08,242628"
    },
    "geometry" : {
      "type" : "Point",
      "coordinates" : [ 14.5339729, 53.4274719 ]
    }
  }, {
    "type" : "Feature",
    "properties" : {
      "name" : "Bistro Aę",
      "icon" : "https://raw.githubusercontent.com/Concept211/Google-Maps-Markers/master/images/marker_gray.png",
      "season" : 25,
      "episode" : 9,
      "url" : "https://player.pl/programy-online/kuchenne-rewolucje-odcinki,114/odcinek-9,S25E09,242629",
      "homepage" : "https://www.facebook.com/bistrobrylancik"
    },
    "geometry" : {
      "type" : "Point",
      "coordinates" : [ 18.9362224, 50.2969518 ]
    }
  }, {
    "type" : "Feature",
    "properties" : {
      "name" : "Czwórka",
      "icon" : "https://raw.githubusercontent.com/Concept211/Google-Maps-Markers/master/images/marker_gray.png",
      "season" : 25,
      "episode" : 10,
      "url" : "https://player.pl/programy-online/kuchenne-rewolucje-odcinki,114/odcinek-10,S25E10,242630",
      "homepage" : "https://www.facebook.com/Restauracja-Czw%C3%B3rka-112510024420396/"
    },
    "geometry" : {
      "type" : "Point",
      "coordinates" : [ 19.4024369, 54.1871918 ]
    }
  }, {
    "type" : "Feature",
    "properties" : {
      "name" : "Sho Sho",
      "icon" : "https://raw.githubusercontent.com/Concept211/Google-Maps-Markers/master/images/marker_gray.png",
      "season" : 25,
      "episode" : 11,
      "url" : "https://player.pl/programy-online/kuchenne-rewolucje-odcinki,114/odcinek-11,S25E11,242631",
      "homepage" : "https://www.facebook.com/slodkozakrecone.plock.tumska6/"
    },
    "geometry" : {
      "type" : "Point",
      "coordinates" : [ 19.690048, 52.5432269 ]
    }
  }, {
    "type" : "Feature",
    "properties" : {
      "name" : "Spagheterria",
      "icon" : "https://raw.githubusercontent.com/Concept211/Google-Maps-Markers/master/images/marker_gray.png",
      "season" : 25,
      "episode" : 12,
      "url" : "https://player.pl/programy-online/kuchenne-rewolucje-odcinki,114/odcinek-12,S25E12,242632",
      "homepage" : "https://www.facebook.com/MakarunBialystok"
    },
    "geometry" : {
      "type" : "Point",
      "coordinates" : [ 23.1738458, 53.13087489999999 ]
    }
  }, {
    "type" : "Feature",
    "properties" : {
      "name" : "43 300",
      "icon" : "https://raw.githubusercontent.com/Concept211/Google-Maps-Markers/master/images/marker_gray.png",
      "season" : 25,
      "episode" : 13,
      "url" : "https://player.pl/programy-online/kuchenne-rewolucje-odcinki,114/odcinek-13,S25E13,242633"
    },
    "geometry" : {
      "type" : "Point",
      "coordinates" : [ 19.0794698, 49.8225693 ]
    }
  }, {
    "type" : "Feature",
    "properties" : {
      "name" : "Kulinarna Warszawka",
      "icon" : "https://raw.githubusercontent.com/Concept211/Google-Maps-Markers/master/images/marker_gray.png",
      "season" : 25,
      "episode" : 14,
      "url" : "https://player.pl/programy-online/kuchenne-rewolucje-odcinki,114/odcinek-14,S25E14,242634",
      "homepage" : "https://www.szoszoukrainskakuchnia.pl/"
    },
    "geometry" : {
      "type" : "Point",
      "coordinates" : [ 17.9859908, 51.28513909999999 ]
    }
  }, {
    "type" : "Feature",
    "properties" : {
      "name" : "Voila",
      "icon" : "https://raw.githubusercontent.com/Concept211/Google-Maps-Markers/master/images/marker_blue.png",
      "season" : 26,
      "episode" : 1,
      "url" : "https://player.pl/programy-online/kuchenne-rewolucje-odcinki,114/odcinek-1,S26E01,251398"
    },
    "geometry" : {
      "type" : "Point",
      "coordinates" : [ 19.9265728, 50.04993289999999 ]
    }
  }, {
    "type" : "Feature",
    "properties" : {
      "name" : "Czterej pancerni",
      "icon" : "https://raw.githubusercontent.com/Concept211/Google-Maps-Markers/master/images/marker_gray.png",
      "season" : 26,
      "episode" : 2,
      "url" : "https://player.pl/programy-online/kuchenne-rewolucje-odcinki,114/odcinek-2,S26E02,251399",
      "homepage" : "https://www.facebook.com/Pizzeria-Przy-Chacie-2248554775382750/"
    },
    "geometry" : {
      "type" : "Point",
      "coordinates" : [ 16.9458606, 52.5455287 ]
    }
  }, {
    "type" : "Feature",
    "properties" : {
      "name" : "Vis a Vis",
      "icon" : "https://raw.githubusercontent.com/Concept211/Google-Maps-Markers/master/images/marker_blue.png",
      "season" : 26,
      "episode" : 3,
      "url" : "https://player.pl/programy-online/kuchenne-rewolucje-odcinki,114/odcinek-3,S26E03,251400"
    },
    "geometry" : {
      "type" : "Point",
      "coordinates" : [ 21.4316709, 50.2934967 ]
    }
  }, {
    "type" : "Feature",
    "properties" : {
      "name" : "Margaret",
      "icon" : "https://raw.githubusercontent.com/Concept211/Google-Maps-Markers/master/images/marker_gray.png",
      "season" : 26,
      "episode" : 4,
      "url" : "https://player.pl/programy-online/kuchenne-rewolucje-odcinki,114/odcinek-4,S26E04,251401",
      "homepage" : "http://www.margaretwroclaw.pl/?utm_source=google&utm_medium=wizytowka"
    },
    "geometry" : {
      "type" : "Point",
      "coordinates" : [ 16.9471414, 51.0964649 ]
    }
  }, {
    "type" : "Feature",
    "properties" : {
      "name" : "Witnica",
      "icon" : "https://raw.githubusercontent.com/Concept211/Google-Maps-Markers/master/images/marker_gray.png",
      "season" : 26,
      "episode" : 5,
      "url" : "https://player.pl/programy-online/kuchenne-rewolucje-odcinki,114/odcinek-5,S26E05,251402",
      "homepage" : "http://www.witnica.pl/"
    },
    "geometry" : {
      "type" : "Point",
      "coordinates" : [ 14.8976504, 52.67306290000001 ]
    }
  }, {
    "type" : "Feature",
    "properties" : {
      "name" : "Pod Dębami",
      "icon" : "https://raw.githubusercontent.com/Concept211/Google-Maps-Markers/master/images/marker_gray.png",
      "season" : 26,
      "episode" : 6,
      "url" : "https://player.pl/programy-online/kuchenne-rewolucje-odcinki,114/odcinek-6,S26E06,251403",
      "homepage" : "http://www.karczmapoddebami.com/"
    },
    "geometry" : {
      "type" : "Point",
      "coordinates" : [ 17.1127739, 52.3304321 ]
    }
  }, {
    "type" : "Feature",
    "properties" : {
      "name" : "Alexandria",
      "icon" : "https://raw.githubusercontent.com/Concept211/Google-Maps-Markers/master/images/marker_gray.png",
      "season" : 26,
      "episode" : 7,
      "url" : "https://player.pl/programy-online/kuchenne-rewolucje-odcinki,114/odcinek-7,S26E07,251404",
      "homepage" : "https://www.facebook.com/profile.php?id=100083411377144"
    },
    "geometry" : {
      "type" : "Point",
      "coordinates" : [ 16.3666384, 52.22696819999999 ]
    }
  }, {
    "type" : "Feature",
    "properties" : {
      "name" : "Incognito",
      "icon" : "https://raw.githubusercontent.com/Concept211/Google-Maps-Markers/master/images/marker_blue.png",
      "season" : 26,
      "episode" : 8,
      "url" : "https://player.pl/programy-online/kuchenne-rewolucje-odcinki,114/odcinek-8,S26E08,251405",
      "homepage" : "https://www.facebook.com/incognitotrzciel"
    },
    "geometry" : {
      "type" : "Point",
      "coordinates" : [ 15.878914, 52.36729099999999 ]
    }
  }, {
    "type" : "Feature",
    "properties" : {
      "name" : "Nie ma jak u mamy",
      "icon" : "https://raw.githubusercontent.com/Concept211/Google-Maps-Markers/master/images/marker_gray.png",
      "season" : 26,
      "episode" : 9,
      "url" : "https://player.pl/programy-online/kuchenne-rewolucje-odcinki,114/odcinek-9,S26E09,251406",
      "homepage" : "http://bistrorozkosz.pl/"
    },
    "geometry" : {
      "type" : "Point",
      "coordinates" : [ 17.0114869, 51.0583347 ]
    }
  }, {
    "type" : "Feature",
    "properties" : {
      "name" : "Dobre Miejsce",
      "icon" : "https://raw.githubusercontent.com/Concept211/Google-Maps-Markers/master/images/marker_gray.png",
      "season" : 26,
      "episode" : 10,
      "url" : "https://player.pl/programy-online/kuchenne-rewolucje-odcinki,114/odcinek-10,S26E10,251407",
      "homepage" : "https://barugrochowej.net/"
    },
    "geometry" : {
      "type" : "Point",
      "coordinates" : [ 16.9170342, 52.4268522 ]
    }
  }, {
    "type" : "Feature",
    "properties" : {
      "name" : "Grande Cozze",
      "icon" : "https://raw.githubusercontent.com/Concept211/Google-Maps-Markers/master/images/marker_blue.png",
      "season" : 26,
      "episode" : 11,
      "url" : "https://player.pl/programy-online/kuchenne-rewolucje-odcinki,114/odcinek-11,S26E11,251408",
      "homepage" : "https://www.facebook.com/cozzeristorante/"
    },
    "geometry" : {
      "type" : "Point",
      "coordinates" : [ 20.6212601, 50.8698007 ]
    }
  }, {
    "type" : "Feature",
    "properties" : {
      "name" : "Stary Młyn",
      "icon" : "https://raw.githubusercontent.com/Concept211/Google-Maps-Markers/master/images/marker_gray.png",
      "season" : 26,
      "episode" : 12,
      "url" : "https://player.pl/programy-online/kuchenne-rewolucje-odcinki,114/odcinek-12,S26E12,251409",
      "homepage" : "https://www.facebook.com/profile.php?id=100057556415542"
    },
    "geometry" : {
      "type" : "Point",
      "coordinates" : [ 22.081091, 53.1786123 ]
    }
  }, {
    "type" : "Feature",
    "properties" : {
      "name" : "Pizza i kebab u Pancia",
      "icon" : "https://raw.githubusercontent.com/Concept211/Google-Maps-Markers/master/images/marker_gray.png",
      "season" : 26,
      "episode" : 13,
      "url" : "https://player.pl/programy-online/kuchenne-rewolucje-odcinki,114/odcinek-13,S26E13,251410",
      "homepage" : "https://lodz.wyborcza.pl/lodz/1,35136,19138881,kebab-cziposzka-nie-chce-reklamy-z-boguslawem-linda.html"
    },
    "geometry" : {
      "type" : "Point",
      "coordinates" : [ 19.4320424, 51.7571917 ]
    }
  }, {
    "type" : "Feature",
    "properties" : {
      "name" : "Cooking and events",
      "icon" : "https://raw.githubusercontent.com/Concept211/Google-Maps-Markers/master/images/marker_gray.png",
      "season" : 27,
      "episode" : 1,
      "url" : "https://player.pl/programy-online/kuchenne-rewolucje-odcinki,114/odcinek-1,S27E01,259428"
    },
    "geometry" : {
      "type" : "Point",
      "coordinates" : [ 17.5643223, 54.3564838 ]
    }
  }, {
    "type" : "Feature",
    "properties" : {
      "name" : "Zajazd Dwa Koguty",
      "icon" : "https://raw.githubusercontent.com/Concept211/Google-Maps-Markers/master/images/marker_gray.png",
      "season" : 27,
      "episode" : 2,
      "url" : "https://player.pl/programy-online/kuchenne-rewolucje-odcinki,114/odcinek-2,S27E02,259429",
      "homepage" : "https://www.facebook.com/PodKogutemZajazd"
    },
    "geometry" : {
      "type" : "Point",
      "coordinates" : [ 15.7927114, 51.2741748 ]
    }
  }, {
    "type" : "Feature",
    "properties" : {
      "name" : "Bar Mleczny",
      "icon" : "https://raw.githubusercontent.com/Concept211/Google-Maps-Markers/master/images/marker_gray.png",
      "season" : 27,
      "episode" : 3,
      "url" : "https://player.pl/programy-online/kuchenne-rewolucje-odcinki,114/odcinek-3,S27E03,259430",
      "homepage" : "https://www.facebook.com/Bar_mleczny_lindleya14-100953171465814/"
    },
    "geometry" : {
      "type" : "Point",
      "coordinates" : [ 20.9965157, 52.2258055 ]
    }
  }, {
    "type" : "Feature",
    "properties" : {
      "name" : "Dziupla u Wuja",
      "icon" : "https://raw.githubusercontent.com/Concept211/Google-Maps-Markers/master/images/marker_gray.png",
      "season" : 27,
      "episode" : 4,
      "url" : "https://player.pl/programy-online/kuchenne-rewolucje-odcinki,114/odcinek-4,S27E04,259431",
      "homepage" : "https://pekatachata.eatbu.com/"
    },
    "geometry" : {
      "type" : "Point",
      "coordinates" : [ 18.8240969, 49.7826639 ]
    }
  }, {
    "type" : "Feature",
    "properties" : {
      "name" : "Mio Gastro",
      "icon" : "https://raw.githubusercontent.com/Concept211/Google-Maps-Markers/master/images/marker_blue.png",
      "season" : 27,
      "episode" : 5,
      "url" : "https://player.pl/programy-online/kuchenne-rewolucje-odcinki,114/odcinek-5,S27E05,259432",
      "homepage" : "http://mio-gastro.pl/"
    },
    "geometry" : {
      "type" : "Point",
      "coordinates" : [ 18.5854915, 54.3570909 ]
    }
  }, {
    "type" : "Feature",
    "properties" : {
      "name" : "Restauracja pod Orzechem",
      "icon" : "https://raw.githubusercontent.com/Concept211/Google-Maps-Markers/master/images/marker_gray.png",
      "season" : 27,
      "episode" : 6,
      "url" : "https://player.pl/programy-online/kuchenne-rewolucje-odcinki,114/odcinek-6,S27E06,259433",
      "homepage" : "https://www.dziadekdoorzechow.com.pl/"
    },
    "geometry" : {
      "type" : "Point",
      "coordinates" : [ 18.8055875, 50.399651 ]
    }
  }, {
    "type" : "Feature",
    "properties" : {
      "name" : "Bistro Pyza",
      "icon" : "https://raw.githubusercontent.com/Concept211/Google-Maps-Markers/master/images/marker_gray.png",
      "season" : 27,
      "episode" : 7,
      "url" : "https://player.pl/programy-online/kuchenne-rewolucje-odcinki,114/odcinek-7,S27E07,259434",
      "homepage" : "https://www.facebook.com/profile.php?id=100063469269882"
    },
    "geometry" : {
      "type" : "Point",
      "coordinates" : [ 15.9854319, 54.007996 ]
    }
  }, {
    "type" : "Feature",
    "properties" : {
      "name" : "Bar Pierożek",
      "icon" : "https://raw.githubusercontent.com/Concept211/Google-Maps-Markers/master/images/marker_gray.png",
      "season" : 27,
      "episode" : 8,
      "url" : "https://player.pl/programy-online/kuchenne-rewolucje-odcinki,114/odcinek-8,S27E08,259435",
      "homepage" : "http://bar-pod-zodiakiem.eatbu.com/"
    },
    "geometry" : {
      "type" : "Point",
      "coordinates" : [ 18.7461452, 53.4784787 ]
    }
  }, {
    "type" : "Feature",
    "properties" : {
      "name" : "Hot Devil Pizza",
      "icon" : "https://raw.githubusercontent.com/Concept211/Google-Maps-Markers/master/images/marker_blue.png",
      "season" : 27,
      "episode" : 9,
      "url" : "https://player.pl/programy-online/kuchenne-rewolucje-odcinki,114/odcinek-9,S27E09,259436",
      "homepage" : "http://www.hotdevilpizza.pl"
    },
    "geometry" : {
      "type" : "Point",
      "coordinates" : [ 19.4393679, 51.7887012 ]
    }
  }, {
    "type" : "Feature",
    "properties" : {
      "name" : "Jani Sushi",
      "icon" : "https://raw.githubusercontent.com/Concept211/Google-Maps-Markers/master/images/marker_gray.png",
      "season" : 27,
      "episode" : 10,
      "url" : "https://player.pl/programy-online/kuchenne-rewolucje-odcinki,114/odcinek-10,S27E10,259437",
      "homepage" : "http://www.janisushi.pl/"
    },
    "geometry" : {
      "type" : "Point",
      "coordinates" : [ 20.978365, 50.0139769 ]
    }
  }, {
    "type" : "Feature",
    "properties" : {
      "name" : "Burger i Spółka",
      "icon" : "https://raw.githubusercontent.com/Concept211/Google-Maps-Markers/master/images/marker_gray.png",
      "season" : 27,
      "episode" : 11,
      "url" : "https://player.pl/programy-online/kuchenne-rewolucje-odcinki,114/odcinek-11,S27E11,259438",
      "homepage" : "https://www.instagram.com/giga_bula_lodz"
    },
    "geometry" : {
      "type" : "Point",
      "coordinates" : [ 19.4558339, 51.76840319999999 ]
    }
  }, {
    "type" : "Feature",
    "properties" : {
      "name" : "Nusma",
      "icon" : "https://raw.githubusercontent.com/Concept211/Google-Maps-Markers/master/images/marker_gray.png",
      "season" : 27,
      "episode" : 12,
      "url" : "https://player.pl/programy-online/kuchenne-rewolucje-odcinki,114/odcinek-12,S27E12,259439",
      "homepage" : "http://www.wolispolka.pl/"
    },
    "geometry" : {
      "type" : "Point",
      "coordinates" : [ 17.7402541, 54.540114 ]
    }
  }, {
    "type" : "Feature",
    "properties" : {
      "name" : "Gusto Kuchnia i Wino",
      "icon" : "https://raw.githubusercontent.com/Concept211/Google-Maps-Markers/master/images/marker_blue.png",
      "season" : 28,
      "episode" : 1,
      "url" : "https://player.pl/programy-online/kuchenne-rewolucje-odcinki,114/odcinek-1,S28E01,267287"
    },
    "geometry" : {
      "type" : "Point",
      "coordinates" : [ 17.9950698, 53.1325705 ]
    }
  }, {
    "type" : "Feature",
    "properties" : {
      "name" : "Karpielówka",
      "icon" : "https://raw.githubusercontent.com/Concept211/Google-Maps-Markers/master/images/marker_blue.png",
      "season" : 28,
      "episode" : 2,
      "url" : "https://player.pl/programy-online/kuchenne-rewolucje-odcinki,114/odcinek-2,S28E02,267288",
      "homepage" : "https://karczmauceprow.pl/karczma/"
    },
    "geometry" : {
      "type" : "Point",
      "coordinates" : [ 21.0425055, 52.147327 ]
    }
  }, {
    "type" : "Feature",
    "properties" : {
      "name" : "Don Martinez",
      "icon" : "https://raw.githubusercontent.com/Concept211/Google-Maps-Markers/master/images/marker_blue.png",
      "season" : 28,
      "episode" : 3,
      "url" : "https://player.pl/programy-online/kuchenne-rewolucje-odcinki,114/odcinek-3,S28E03,267289",
      "homepage" : "https://www.donmartinez.pl/rybnik-centrum/dostawa.html"
    },
    "geometry" : {
      "type" : "Point",
      "coordinates" : [ 18.5422216, 50.0948727 ]
    }
  }, {
    "type" : "Feature",
    "properties" : {
      "name" : "Na Winklu",
      "icon" : "https://raw.githubusercontent.com/Concept211/Google-Maps-Markers/master/images/marker_blue.png",
      "season" : 28,
      "episode" : 4,
      "url" : "https://player.pl/programy-online/kuchenne-rewolucje-odcinki,114/odcinek-4,S28E04,267290",
      "homepage" : "http://www.rumianeipieczyste.pl/"
    },
    "geometry" : {
      "type" : "Point",
      "coordinates" : [ 20.0214829, 49.4889304 ]
    }
  }, {
    "type" : "Feature",
    "properties" : {
      "name" : "Pomylone Gary",
      "icon" : "https://raw.githubusercontent.com/Concept211/Google-Maps-Markers/master/images/marker_gray.png",
      "season" : 28,
      "episode" : 5,
      "url" : "https://player.pl/programy-online/kuchenne-rewolucje-odcinki,114/odcinek-5,S28E05,267291",
      "homepage" : "https://www.facebook.com/bistropyrpyrpyr"
    },
    "geometry" : {
      "type" : "Point",
      "coordinates" : [ 16.8889296, 52.38571140000001 ]
    }
  }, {
    "type" : "Feature",
    "properties" : {
      "name" : "Oaza Smaku",
      "icon" : "https://raw.githubusercontent.com/Concept211/Google-Maps-Markers/master/images/marker_gray.png",
      "season" : 28,
      "episode" : 6,
      "url" : "https://player.pl/programy-online/kuchenne-rewolucje-odcinki,114/odcinek-6,S28E06,267292",
      "homepage" : "https://www.facebook.com/BistroKoszykiNT"
    },
    "geometry" : {
      "type" : "Point",
      "coordinates" : [ 16.1235004, 52.3147972 ]
    }
  }, {
    "type" : "Feature",
    "properties" : {
      "name" : "Chicken Go",
      "icon" : "https://raw.githubusercontent.com/Concept211/Google-Maps-Markers/master/images/marker_gray.png",
      "season" : 28,
      "episode" : 7,
      "url" : "https://player.pl/programy-online/kuchenne-rewolucje-odcinki,114/odcinek-7,S28E07,267293"
    },
    "geometry" : {
      "type" : "Point",
      "coordinates" : [ 17.7169219, 52.8501536 ]
    }
  }, {
    "type" : "Feature",
    "properties" : {
      "name" : "Bar Świńskie Sprawki",
      "icon" : "https://raw.githubusercontent.com/Concept211/Google-Maps-Markers/master/images/marker_gray.png",
      "season" : 28,
      "episode" : 8,
      "url" : "https://player.pl/programy-online/kuchenne-rewolucje-odcinki,114/odcinek-8,S28E08,267294",
      "homepage" : "http://www.pubwserculodzi.pl/"
    },
    "geometry" : {
      "type" : "Point",
      "coordinates" : [ 19.5125033, 51.7648518 ]
    }
  }, {
    "type" : "Feature",
    "properties" : {
      "name" : "Gościniec",
      "icon" : "https://raw.githubusercontent.com/Concept211/Google-Maps-Markers/master/images/marker_gray.png",
      "season" : 28,
      "episode" : 9,
      "url" : "https://player.pl/programy-online/kuchenne-rewolucje-odcinki,114/odcinek-9,S28E09,267295",
      "homepage" : "https://www.facebook.com/Restauracja-Go%C5%9Bciniec-Mysz%C4%99cin-108393895067070/"
    },
    "geometry" : {
      "type" : "Point",
      "coordinates" : [ 15.6499863, 52.292146 ]
    }
  }, {
    "type" : "Feature",
    "properties" : {
      "name" : "Schabowy i spółka",
      "icon" : "https://raw.githubusercontent.com/Concept211/Google-Maps-Markers/master/images/marker_gray.png",
      "season" : 28,
      "episode" : 10,
      "url" : "https://player.pl/programy-online/kuchenne-rewolucje-odcinki,114/odcinek-10,S28E10,267296",
      "homepage" : "https://www.facebook.com/profile.php?id=100094202528862"
    },
    "geometry" : {
      "type" : "Point",
      "coordinates" : [ 21.8377569, 52.476678 ]
    }
  }, {
    "type" : "Feature",
    "properties" : {
      "name" : "Art-smaku",
      "icon" : "https://raw.githubusercontent.com/Concept211/Google-Maps-Markers/master/images/marker_gray.png",
      "season" : 28,
      "episode" : 11,
      "url" : "https://player.pl/programy-online/kuchenne-rewolucje-odcinki,114/odcinek-11,S28E11,267297"
    },
    "geometry" : {
      "type" : "Point",
      "coordinates" : [ 18.8533189, 50.4449687 ]
    }
  }, {
    "type" : "Feature",
    "properties" : {
      "name" : "Fresco",
      "icon" : "https://raw.githubusercontent.com/Concept211/Google-Maps-Markers/master/images/marker_gray.png",
      "season" : 28,
      "episode" : 12,
      "url" : "https://player.pl/programy-online/kuchenne-rewolucje-odcinki,114/odcinek-12,S28E12,267298"
    },
    "geometry" : {
      "type" : "Point",
      "coordinates" : [ 22.9294358, 54.1008135 ]
    }
  }, {
    "type" : "Feature",
    "properties" : {
      "name" : "Piccownia",
      "icon" : "https://raw.githubusercontent.com/Concept211/Google-Maps-Markers/master/images/marker_gray.png",
      "season" : 29,
      "episode" : 1,
      "url" : "https://player.pl/programy-online/kuchenne-rewolucje-odcinki,114/odcinek-1,S29E01,275117"
    },
    "geometry" : {
      "type" : "Point",
      "coordinates" : [ 20.9348756, 52.2297755 ]
    }
  }, {
    "type" : "Feature",
    "properties" : {
      "name" : "Paleta Smaków",
      "icon" : "https://raw.githubusercontent.com/Concept211/Google-Maps-Markers/master/images/marker_gray.png",
      "season" : 29,
      "episode" : 2,
      "url" : "https://player.pl/programy-online/kuchenne-rewolucje-odcinki,114/odcinek-2,S29E02,275118",
      "homepage" : "http://www.karczmasliwkowabobowa.pl/"
    },
    "geometry" : {
      "type" : "Point",
      "coordinates" : [ 20.943015, 49.7080312 ]
    }
  }, {
    "type" : "Feature",
    "properties" : {
      "name" : "EPTO",
      "icon" : "https://raw.githubusercontent.com/Concept211/Google-Maps-Markers/master/images/marker_gray.png",
      "season" : 29,
      "episode" : 3,
      "url" : "https://player.pl/programy-online/kuchenne-rewolucje-odcinki,114/odcinek-3,S29E03,275119",
      "homepage" : "https://www.aeroklubpomorski.pl/"
    },
    "geometry" : {
      "type" : "Point",
      "coordinates" : [ 18.5604751, 53.0278331 ]
    }
  }, {
    "type" : "Feature",
    "properties" : {
      "name" : "Meltini",
      "icon" : "https://raw.githubusercontent.com/Concept211/Google-Maps-Markers/master/images/marker_gray.png",
      "season" : 29,
      "episode" : 4,
      "url" : "https://player.pl/programy-online/kuchenne-rewolucje-odcinki,114/odcinek-4,S29E04,275120",
      "homepage" : "http://bayer-landhaus.makro.bar/"
    },
    "geometry" : {
      "type" : "Point",
      "coordinates" : [ 18.978112, 50.2318799 ]
    }
  }, {
    "type" : "Feature",
    "properties" : {
      "name" : "Antonio",
      "icon" : "https://raw.githubusercontent.com/Concept211/Google-Maps-Markers/master/images/marker_gray.png",
      "season" : 29,
      "episode" : 5,
      "url" : "https://player.pl/programy-online/kuchenne-rewolucje-odcinki,114/odcinek-5,S29E05,275121",
      "homepage" : "http://www.kasprzaka-antonio.pl/"
    },
    "geometry" : {
      "type" : "Point",
      "coordinates" : [ 19.4272405, 51.7765333 ]
    }
  }, {
    "type" : "Feature",
    "properties" : {
      "name" : "Via Piada",
      "icon" : "https://raw.githubusercontent.com/Concept211/Google-Maps-Markers/master/images/marker_blue.png",
      "season" : 29,
      "episode" : 6,
      "url" : "https://player.pl/programy-online/kuchenne-rewolucje-odcinki,114/odcinek-6,S29E06,275122"
    },
    "geometry" : {
      "type" : "Point",
      "coordinates" : [ 19.8975837, 50.0194455 ]
    }
  }, {
    "type" : "Feature",
    "properties" : {
      "name" : "Kujawska",
      "icon" : "https://raw.githubusercontent.com/Concept211/Google-Maps-Markers/master/images/marker_gray.png",
      "season" : 29,
      "episode" : 7,
      "url" : "https://player.pl/programy-online/kuchenne-rewolucje-odcinki,114/odcinek-7,S29E07,275123"
    },
    "geometry" : {
      "type" : "Point",
      "coordinates" : [ 19.0587904, 52.6460901 ]
    }
  }, {
    "type" : "Feature",
    "properties" : {
      "name" : "Kuchnia na Górce",
      "icon" : "https://raw.githubusercontent.com/Concept211/Google-Maps-Markers/master/images/marker_gray.png",
      "season" : 29,
      "episode" : 8,
      "url" : "https://player.pl/programy-online/kuchenne-rewolucje-odcinki,114/odcinek-8,S29E08,275124",
      "homepage" : "https://www.zielonoijuz.com/"
    },
    "geometry" : {
      "type" : "Point",
      "coordinates" : [ 15.535633, 51.93851 ]
    }
  }, {
    "type" : "Feature",
    "properties" : {
      "name" : "Suliko",
      "icon" : "https://raw.githubusercontent.com/Concept211/Google-Maps-Markers/master/images/marker_blue.png",
      "season" : 29,
      "episode" : 9,
      "url" : "https://player.pl/programy-online/kuchenne-rewolucje-odcinki,114/odcinek-9,S29E09,275125",
      "homepage" : "https://www.facebook.com/KoconiPL/?locale=pl_PL"
    },
    "geometry" : {
      "type" : "Point",
      "coordinates" : [ 20.7202055, 52.1209886 ]
    }
  }, {
    "type" : "Feature",
    "properties" : {
      "name" : "Głodny Polak",
      "icon" : "https://raw.githubusercontent.com/Concept211/Google-Maps-Markers/master/images/marker_gray.png",
      "season" : 29,
      "episode" : 10,
      "url" : "https://player.pl/programy-online/kuchenne-rewolucje-odcinki,114/odcinek-10,S29E10,275126",
      "homepage" : "http://www.glodnypolaklubin.pl/"
    },
    "geometry" : {
      "type" : "Point",
      "coordinates" : [ 16.1771121, 51.405846 ]
    }
  }, {
    "type" : "Feature",
    "properties" : {
      "name" : "Bistro Rozmaryn",
      "icon" : "https://raw.githubusercontent.com/Concept211/Google-Maps-Markers/master/images/marker_blue.png",
      "season" : 29,
      "episode" : 11,
      "url" : "https://player.pl/programy-online/kuchenne-rewolucje-odcinki,114/odcinek-11,S29E11,275127"
    },
    "geometry" : {
      "type" : "Point",
      "coordinates" : [ 18.5378953, 54.5096577 ]
    }
  }, {
    "type" : "Feature",
    "properties" : {
      "name" : "Czarny Domek",
      "icon" : "https://raw.githubusercontent.com/Concept211/Google-Maps-Markers/master/images/marker_gray.png",
      "season" : 29,
      "episode" : 12,
      "url" : "https://player.pl/programy-online/kuchenne-rewolucje-odcinki,114/odcinek-12,S29E12,275128"
    },
    "geometry" : {
      "type" : "Point",
      "coordinates" : [ 18.2601135, 52.2342575 ]
    }
  }, {
    "type" : "Feature",
    "properties" : {
      "name" : "Schab w Panierce",
      "icon" : "https://raw.githubusercontent.com/Concept211/Google-Maps-Markers/master/images/marker_gray.png",
      "season" : 30,
      "episode" : 1,
      "url" : "https://player.pl/programy-online,2/kuchenne-rewolucje-odcinki,52954/odcinek-1,S30E01,10966149",
      "homepage" : "https://zajazdpolskiedrogi.pl/"
    },
    "geometry" : {
      "type" : "Point",
      "coordinates" : [ 18.4162832, 51.655571 ]
    }
  }, {
    "type" : "Feature",
    "properties" : {
      "name" : "Baszta",
      "icon" : "https://raw.githubusercontent.com/Concept211/Google-Maps-Markers/master/images/marker_blue.png",
      "season" : 30,
      "episode" : 2,
      "url" : "https://player.pl/programy-online,2/kuchenne-rewolucje-odcinki,52954/odcinek-2,S30E02,10923968"
    },
    "geometry" : {
      "type" : "Point",
      "coordinates" : [ 16.4837683, 50.8442644 ]
    }
  }, {
    "type" : "Feature",
    "properties" : {
      "name" : "Nasze smaki",
      "icon" : "https://raw.githubusercontent.com/Concept211/Google-Maps-Markers/master/images/marker_blue.png",
      "season" : 30,
      "episode" : 3,
      "url" : "https://player.pl/programy-online,2/kuchenne-rewolucje-odcinki,52954/odcinek-3,S30E03,10966148",
      "homepage" : "https://www.facebook.com/BistroGesiarka"
    },
    "geometry" : {
      "type" : "Point",
      "coordinates" : [ 17.9424891, 53.3089199 ]
    }
  }, {
    "type" : "Feature",
    "properties" : {
      "name" : "Bistro Zalewajka",
      "icon" : "https://raw.githubusercontent.com/Concept211/Google-Maps-Markers/master/images/marker_gray.png",
      "season" : 30,
      "episode" : 4,
      "url" : "https://player.pl/programy-online,2/kuchenne-rewolucje-odcinki,52954/odcinek-4,S30E04,10966147"
    },
    "geometry" : {
      "type" : "Point",
      "coordinates" : [ 19.2268632, 52.0245125 ]
    }
  }, {
    "type" : "Feature",
    "properties" : {
      "name" : "Worek mąki",
      "icon" : "https://raw.githubusercontent.com/Concept211/Google-Maps-Markers/master/images/marker_gray.png",
      "season" : 30,
      "episode" : 5,
      "url" : "https://player.pl/programy-online,2/kuchenne-rewolucje-odcinki,52954/odcinek-5,S30E05,10966146",
      "homepage" : "http://www.maka-kawa.pl/"
    },
    "geometry" : {
      "type" : "Point",
      "coordinates" : [ 18.540413, 54.5138463 ]
    }
  }, {
    "type" : "Feature",
    "properties" : {
      "name" : "Stara Kuźnia",
      "icon" : "https://raw.githubusercontent.com/Concept211/Google-Maps-Markers/master/images/marker_gray.png",
      "season" : 30,
      "episode" : 6,
      "url" : "https://player.pl/programy-online,2/kuchenne-rewolucje-odcinki,52954/odcinek-6,S30E06,10966145",
      "homepage" : "http://www.borowikowy-las.pl/"
    },
    "geometry" : {
      "type" : "Point",
      "coordinates" : [ 21.3833116, 51.75681429999999 ]
    }
  }, {
    "type" : "Feature",
    "properties" : {
      "name" : "Piwnica Smaku",
      "icon" : "https://raw.githubusercontent.com/Concept211/Google-Maps-Markers/master/images/marker_gray.png",
      "season" : 30,
      "episode" : 7,
      "url" : "https://player.pl/programy-online,2/kuchenne-rewolucje-odcinki,52954/odcinek-7,S30E07,10966144",
      "homepage" : "http://www.nowapiwnicasmaku.pl/"
    },
    "geometry" : {
      "type" : "Point",
      "coordinates" : [ 21.9701181, 51.149285 ]
    }
  }, {
    "type" : "Feature",
    "properties" : {
      "name" : "EkoTradycja",
      "icon" : "https://raw.githubusercontent.com/Concept211/Google-Maps-Markers/master/images/marker_gray.png",
      "season" : 30,
      "episode" : 8,
      "url" : "https://player.pl/programy-online,2/kuchenne-rewolucje-odcinki,52954/odcinek-8,S30E08,10966143",
      "homepage" : "https://www.ekotradycja.cieszyn.pl/"
    },
    "geometry" : {
      "type" : "Point",
      "coordinates" : [ 18.6374352, 49.7493719 ]
    }
  }, {
    "type" : "Feature",
    "properties" : {
      "name" : "Hot Italian Pizza",
      "icon" : "https://raw.githubusercontent.com/Concept211/Google-Maps-Markers/master/images/marker_gray.png",
      "season" : 30,
      "episode" : 9,
      "url" : "https://player.pl/programy-online,2/kuchenne-rewolucje-odcinki,52954/odcinek-9,S30E09,10966142",
      "homepage" : "https://www.lapiccolastrada.pl/"
    },
    "geometry" : {
      "type" : "Point",
      "coordinates" : [ 15.4995357, 51.94039979999999 ]
    }
  }, {
    "type" : "Feature",
    "properties" : {
      "name" : "Bistro Mateczka",
      "icon" : "https://raw.githubusercontent.com/Concept211/Google-Maps-Markers/master/images/marker_blue.png",
      "season" : 30,
      "episode" : 10,
      "url" : "https://player.pl/programy-online,2/kuchenne-rewolucje-odcinki,52954/odcinek-10,S30E10,10966141",
      "homepage" : "https://www.facebook.com/profile.php?id=61558205139065"
    },
    "geometry" : {
      "type" : "Point",
      "coordinates" : [ 20.5977027, 53.7895688 ]
    }
  }, {
    "type" : "Feature",
    "properties" : {
      "name" : "Asia Box",
      "icon" : "https://raw.githubusercontent.com/Concept211/Google-Maps-Markers/master/images/marker_gray.png",
      "season" : 30,
      "episode" : 11,
      "url" : "https://player.pl/programy-online,2/kuchenne-rewolucje-odcinki,52954/odcinek-11,S30E11,10966140",
      "homepage" : "https://asiabox.pl/menu/"
    },
    "geometry" : {
      "type" : "Point",
      "coordinates" : [ 15.2544311, 52.7465751 ]
    }
  }, {
    "type" : "Feature",
    "properties" : {
      "name" : "Karczma Stodoła",
      "icon" : "https://raw.githubusercontent.com/Concept211/Google-Maps-Markers/master/images/marker_blue.png",
      "season" : 30,
      "episode" : 12,
      "url" : "https://player.pl/programy-online,2/kuchenne-rewolucje-odcinki,52954/odcinek-12,S30E12,10966139"
    },
    "geometry" : {
      "type" : "Point",
      "coordinates" : [ 18.5968136, 50.0303923 ]
    }
  }, {
    "type" : "Feature",
    "properties" : {
      "name" : "Biały Kredens",
      "icon" : "https://raw.githubusercontent.com/Concept211/Google-Maps-Markers/master/images/marker_gray.png",
      "season" : 31,
      "episode" : 1,
      "url" : "https://player.pl/programy-online,2/kuchenne-rewolucje-odcinki,52954/odcinek-1,S31E01,12162269",
      "homepage" : "https://www.facebook.com/Restauracja-Bia%C5%82y-Kredens-102203788570238/?ref=page_internal"
    },
    "geometry" : {
      "type" : "Point",
      "coordinates" : [ 19.043577, 52.662819 ]
    }
  }, {
    "type" : "Feature",
    "properties" : {
      "name" : "Bistro 12",
      "icon" : "https://raw.githubusercontent.com/Concept211/Google-Maps-Markers/master/images/marker_gray.png",
      "season" : 31,
      "episode" : 2,
      "url" : "https://player.pl/programy-online,2/kuchenne-rewolucje-odcinki,52954/odcinek-2,S31E02,12162268"
    },
    "geometry" : {
      "type" : "Point",
      "coordinates" : [ 23.1762927, 51.1762744 ]
    }
  }, {
    "type" : "Feature",
    "properties" : {
      "name" : "Pizzalover",
      "icon" : "https://raw.githubusercontent.com/Concept211/Google-Maps-Markers/master/images/marker_gray.png",
      "season" : 31,
      "episode" : 3,
      "url" : "https://player.pl/programy-online,2/kuchenne-rewolucje-odcinki,52954/odcinek-3,S31E03,12162267",
      "homepage" : "https://www.instagram.com/pizzalover_pl"
    },
    "geometry" : {
      "type" : "Point",
      "coordinates" : [ 22.5585492, 51.2239833 ]
    }
  }, {
    "type" : "Feature",
    "properties" : {
      "name" : "Bistro Kociołek",
      "icon" : "https://raw.githubusercontent.com/Concept211/Google-Maps-Markers/master/images/marker_gray.png",
      "season" : 31,
      "episode" : 4,
      "url" : "https://player.pl/programy-online,2/kuchenne-rewolucje-odcinki,52954/odcinek-4,S31E04,12162266",
      "homepage" : "http://www.bistrogalert.pl/"
    },
    "geometry" : {
      "type" : "Point",
      "coordinates" : [ 20.8601301, 52.03870509999999 ]
    }
  }, {
    "type" : "Feature",
    "properties" : {
      "name" : "La Farina",
      "icon" : "https://raw.githubusercontent.com/Concept211/Google-Maps-Markers/master/images/marker_gray.png",
      "season" : 31,
      "episode" : 5,
      "url" : "https://player.pl/programy-online,2/kuchenne-rewolucje-odcinki,52954/odcinek-5,S31E05,12162265",
      "homepage" : "http://tuttifelici.pl/"
    },
    "geometry" : {
      "type" : "Point",
      "coordinates" : [ 19.1194507, 50.2467047 ]
    }
  }, {
    "type" : "Feature",
    "properties" : {
      "name" : "Pod Orłem",
      "icon" : "https://raw.githubusercontent.com/Concept211/Google-Maps-Markers/master/images/marker_gray.png",
      "season" : 31,
      "episode" : 6,
      "url" : "https://player.pl/programy-online,2/kuchenne-rewolucje-odcinki,52954/odcinek-6,S31E06,12162264",
      "homepage" : "https://www.facebook.com/profile.php?id=100083721237744&sk=about"
    },
    "geometry" : {
      "type" : "Point",
      "coordinates" : [ 21.6140341, 51.8970093 ]
    }
  }, {
    "type" : "Feature",
    "properties" : {
      "name" : "Bar Alpejski",
      "icon" : "https://raw.githubusercontent.com/Concept211/Google-Maps-Markers/master/images/marker_gray.png",
      "season" : 31,
      "episode" : 7,
      "url" : "https://player.pl/programy-online,2/kuchenne-rewolucje-odcinki,52954/odcinek-7,S31E07,12162263"
    },
    "geometry" : {
      "type" : "Point",
      "coordinates" : [ 21.0631634, 52.2394831 ]
    }
  }, {
    "type" : "Feature",
    "properties" : {
      "name" : "Domowe obiady u rudej",
      "icon" : "https://raw.githubusercontent.com/Concept211/Google-Maps-Markers/master/images/marker_gray.png",
      "season" : 31,
      "episode" : 8,
      "url" : "https://player.pl/programy-online,2/kuchenne-rewolucje-odcinki,52954/odcinek-8,S31E08,12162262"
    },
    "geometry" : {
      "type" : "Point",
      "coordinates" : [ 14.8645434, 52.9226564 ]
    }
  }, {
    "type" : "Feature",
    "properties" : {
      "name" : "Toscania",
      "icon" : "https://raw.githubusercontent.com/Concept211/Google-Maps-Markers/master/images/marker_gray.png",
      "season" : 31,
      "episode" : 9,
      "url" : "https://player.pl/programy-online,2/kuchenne-rewolucje-odcinki,52954/odcinek-9,S31E09,12162261",
      "homepage" : "http://miodowybzik.pl/"
    },
    "geometry" : {
      "type" : "Point",
      "coordinates" : [ 19.9982268, 51.5426538 ]
    }
  }, {
    "type" : "Feature",
    "properties" : {
      "name" : "Pod Batutą",
      "icon" : "https://raw.githubusercontent.com/Concept211/Google-Maps-Markers/master/images/marker_gray.png",
      "season" : 31,
      "episode" : 10,
      "url" : "https://player.pl/programy-online,2/kuchenne-rewolucje-odcinki,52954/odcinek-10,S31E10,12162260"
    },
    "geometry" : {
      "type" : "Point",
      "coordinates" : [ 15.7381367, 50.9009791 ]
    }
  }, {
    "type" : "Feature",
    "properties" : {
      "name" : "Zdrojowa",
      "icon" : "https://raw.githubusercontent.com/Concept211/Google-Maps-Markers/master/images/marker_gray.png",
      "season" : 31,
      "episode" : 11,
      "url" : "https://player.pl/programy-online,2/kuchenne-rewolucje-odcinki,52954/odcinek-11,S31E11,12162259",
      "homepage" : "https://www.facebook.com/profile.php?id=61552720955972"
    },
    "geometry" : {
      "type" : "Point",
      "coordinates" : [ 18.8604965, 49.6552201 ]
    }
  }, {
    "type" : "Feature",
    "properties" : {
      "name" : "Bistro Zapętlone",
      "icon" : "https://raw.githubusercontent.com/Concept211/Google-Maps-Markers/master/images/marker_gray.png",
      "season" : 31,
      "episode" : 12,
      "url" : "https://player.pl/programy-online,2/kuchenne-rewolucje-odcinki,52954/odcinek-12,S31E12,12162258",
      "homepage" : "https://www.facebook.com/profile.php?id=100095354795409"
    },
    "geometry" : {
      "type" : "Point",
      "coordinates" : [ 16.9705802, 51.1376767 ]
    }
  }, {
    "type" : "Feature",
    "properties" : {
      "name" : "Przystań na Kępce",
      "icon" : "https://raw.githubusercontent.com/Concept211/Google-Maps-Markers/master/images/marker_gray.png",
      "season" : 31,
      "episode" : 13,
      "url" : "https://player.pl/programy-online,2/kuchenne-rewolucje-odcinki,52954/odcinek-13,S31E13,12162257",
      "homepage" : "https://www.facebook.com/share/1MNqWRgNJs/"
    },
    "geometry" : {
      "type" : "Point",
      "coordinates" : [ 18.5860584, 49.8826121 ]
    }
  }, {
    "type" : "Feature",
    "properties" : {
      "name" : "Bistro 2020",
      "icon" : "https://raw.githubusercontent.com/Concept211/Google-Maps-Markers/master/images/marker_gray.png",
      "season" : 31,
      "episode" : 14,
      "url" : "https://player.pl/programy-online,2/kuchenne-rewolucje-odcinki,52954/odcinek-14,S31E14,12162256",
      "homepage" : "https://www.facebook.com/profile.php?id=61564827681156"
    },
    "geometry" : {
      "type" : "Point",
      "coordinates" : [ 21.0149102, 52.1665866 ]
    }
  } ]
}